id,time,lat,lon,depth,mag,place
0,2016-01-13T17:01:29.450Z,36.1595,14.7181,9.78,4.1,33km NE of Sliema - Malta
1,2016-01-10T17:40:49.430Z,39.5584,34.3468,10,4.9,7km SW of Mecidiye - Turkey
2,2016-01-08T13:07:42.650Z,42.9009,18.4718,31.05,4.6,4km NE of Bileca - Bosnia and Herzegovina
3,2016-01-06T18:44:46.630Z,39.918,15.5591,275.22,4.4,16km WSW of Maratea - Italy
4,2016-01-05T23:11:50.420Z,36.5591,26.8356,143.73,4.2,23km SSW of Kefalos - Greece
5,2016-01-05T07:17:13.720Z,34.2841,32.7204,19.22,4.1,42km S of Pissouri - Cyprus
6,2016-01-04T18:00:55.060Z,38.6037,20.5917,14.1,4.7,15km SW of Nidri - Greece
7,2016-01-04T02:58:23.080Z,36.4613,26.9641,137.29,4.4,31km S of Kefalos - Greece
8,2016-01-03T02:01:44.190Z,71.4584,-3.7562,10,4.7,188km ENE of Olonkinbyen - Svalbard and Jan Mayen
9,2016-01-02T12:36:28.560Z,36.4556,12.1175,23.16,4.3,44km SSE of Pantelleria - Italy
10,2016-01-01T09:11:15.980Z,40.0996,30.5569,10,4.2,8km NNE of Saricakaya - Turkey
11,2015-12-29T18:56:27.620Z,45.3678,24.1999,15.42,4.3,5km NW of Brezoi - Romania
12,2015-12-29T14:15:53.830Z,37.5029,19.9486,9.67,4.6,80km WSW of Mouzaki - Greece
13,2015-12-26T11:00:52.980Z,35.5164,27.3862,36.79,5.2,15km E of Karpathos - Greece
14,2015-12-25T02:24:32.420Z,34.6162,25.4424,20.53,4.6,49km SSW of Gra Liyia - Greece
15,2015-12-20T09:46:05.390Z,38.2882,13.6438,13.06,4.5,24km NNE of Santa Flavia - Italy
16,2015-12-16T20:27:33.050Z,45.652,26.5742,138.7,4.1,13km WSW of Nereju - Romania
17,2015-12-15T23:06:21.560Z,35.9632,21.5322,10,4.3,96km S of Methoni - Greece
18,2015-12-14T21:13:25.770Z,39.0394,20.5675,10,4.3,18km WNW of Preveza - Greece
19,2015-12-12T11:15:01.690Z,34.4829,25.3089,29.05,4.3,59km SSE of Pirgos - Greece
20,2015-12-12T08:34:45.600Z,37.83,21.16,29,4.5,4km ESE of Ayios Nikolaos - Greece
21,2015-12-09T09:03:33.840Z,38.8387,37.875,5,4.4,5km WNW of Hekimhan - Turkey
22,2015-12-07T02:04:01.380Z,38.256,21.8277,10,4.4,1km SSW of Ano Kastritsion - Greece
23,2015-12-06T16:24:38.870Z,42.3525,15.2079,5.57,4.4,44km NNE of Termoli - Italy
24,2015-12-06T10:44:15.160Z,39.6413,21.1958,2.51,4.5,14km S of Metsovo - Greece
25,2015-12-06T05:28:11.910Z,42.65,15.19,26,4.4,70km NE of Vasto - Italy
26,2015-12-06T03:22:49.160Z,42.5403,15.1042,5.5,4.5,56km NE of Vasto - Italy
27,2015-12-06T03:21:43.410Z,42.3918,15.1511,17.86,4.1,46km NNE of Termoli - Italy
28,2015-12-02T01:44:24.510Z,38.6985,20.5686,27.74,4.4,12km W of Nidri - Greece
29,2015-12-01T12:18:43.560Z,35.1948,25.0145,10,4,1km ESE of Kato Asitai - Greece
30,2015-12-01T04:21:20.870Z,34.1961,22.4841,33.67,4.1,159km N of Darnah - Libya
31,2015-11-29T08:36:09.910Z,38.7037,20.5348,10,4.1,15km W of Nidri - Greece
32,2015-11-29T00:28:11.870Z,38.8236,37.7358,10,4.9,8km SE of Kulucak - Turkey
33,2015-11-29T00:20:44.740Z,38.7456,20.5486,4.69,4.3,14km WNW of Nidri - Greece
34,2015-11-26T15:35:54.660Z,39.306,15.2312,266.65,4.3,64km WSW of Belvedere Marittimo - Italy
35,2015-11-25T03:14:47.900Z,38.53,20.55,14,4.4,23km NW of Ithaki - Greece
36,2015-11-24T09:39:05.200Z,38.731,20.5997,12,4.8,9km WNW of Nidri - Greece
37,2015-11-23T13:39:28.810Z,37.4081,31.3527,10,4.3,13km W of Derebucak - Turkey
38,2015-11-23T09:30:03.000Z,38.4776,20.5422,10,4.3,19km NW of Ithaki - Greece
39,2015-11-21T19:11:07.910Z,36.5808,21.6305,42.46,4.2,27km SSW of Methoni - Greece
40,2015-11-21T16:17:50.100Z,38.7213,20.5902,10.9,4.1,10km W of Nidri - Greece
41,2015-11-21T07:16:43.600Z,38.74,20.66,7,4.2,5km NW of Nidri - Greece
42,2015-11-21T01:58:25.300Z,38.617,20.536,14.4,4.3,18km WSW of Nidri - Greece
43,2015-11-21T00:41:57.530Z,38.7285,20.4759,10,4.7,20km W of Nidri - Greece
44,2015-11-20T23:37:05.530Z,38.7558,20.4745,10,4.7,21km WSW of Lefkada - Greece
45,2015-11-20T09:33:14.800Z,38.63,20.58,11,4.7,14km SW of Nidri - Greece
46,2015-11-20T05:12:24.800Z,38.47,20.49,12,4.8,23km WNW of Ithaki - Greece
47,2015-11-20T03:05:28.600Z,38.5,20.51,11,4,23km NW of Ithaki - Greece
48,2015-11-20T03:01:53.900Z,38.792,20.578,10.2,4.5,11km WSW of Lefkada - Greece
49,2015-11-19T02:47:08.400Z,38.72,20.63,10,4.5,7km WNW of Nidri - Greece
50,2015-11-18T18:30:07.200Z,38.7338,20.5977,5.1,4.6,10km WNW of Nidri - Greece
51,2015-11-18T14:55:40.000Z,37.84,29.3,10,4.2,9km NNE of Honaz - Turkey
52,2015-11-18T13:03:14.900Z,38.72,20.63,8,4.9,7km WNW of Nidri - Greece
53,2015-11-18T12:15:37.950Z,38.8407,20.5551,10,5,12km W of Lefkada - Greece
54,2015-11-18T10:35:45.270Z,37.817,29.2898,2.4,4.1,6km NNE of Honaz - Turkey
55,2015-11-18T05:18:15.680Z,38.5792,20.3775,10,4.7,32km WSW of Nidri - Greece
56,2015-11-18T01:24:43.610Z,38.666,20.5368,10,4.2,15km WSW of Nidri - Greece
57,2015-11-17T23:28:10.010Z,50.1367,19.2467,6.06,4.1,3km N of Chelmek - Poland
58,2015-11-17T21:11:36.600Z,38.53,20.54,13,4.3,24km NW of Ithaki - Greece
59,2015-11-17T20:52:28.130Z,38.7726,20.5147,14.59,4.2,17km WSW of Lefkada - Greece
60,2015-11-17T19:39:34.940Z,38.7076,20.5062,11.15,4.3,17km W of Nidri - Greece
61,2015-11-17T12:37:55.960Z,38.6843,20.5176,10,4.8,16km W of Nidri - Greece
62,2015-11-17T12:10:32.300Z,38.69,20.62,10,4,8km WSW of Nidri - Greece
63,2015-11-17T11:57:25.100Z,38.7075,20.5977,8.6,4.7,9km W of Nidri - Greece
64,2015-11-17T11:49:45.700Z,38.49,20.49,7,4.2,24km NW of Ithaki - Greece
65,2015-11-17T10:41:37.400Z,38.4968,20.4452,7.2,4.2,28km WNW of Ithaki - Greece
66,2015-11-17T10:09:39.090Z,34.6863,22.3627,10,4,135km WSW of Palaiochora - Greece
67,2015-11-17T09:02:15.500Z,38.54,20.55,11,4.3,23km SW of Nidri - Greece
68,2015-11-17T08:33:40.800Z,38.65,20.56,9,5.1,14km WSW of Nidri - Greece
69,2015-11-17T08:10:06.300Z,38.63,20.59,10,4.4,13km SW of Nidri - Greece
70,2015-11-17T07:10:07.300Z,38.67,20.6,11,6.5,10km WSW of Nidri - Greece
71,2015-11-17T03:00:10.700Z,39.5218,24.1018,12.3,4.3,45km NNE of Patitirion - Greece
72,2015-11-16T15:45:44.670Z,40.8703,28.7604,9.65,4.4,14km SSE of Yakuplu - Turkey
73,2015-11-16T04:02:55.860Z,34.8832,23.2716,33.3,4.1,54km SW of Palaiochora - Greece
74,2015-11-16T03:58:21.480Z,34.823,23.3406,29.95,4.2,55km SW of Palaiochora - Greece
75,2015-11-12T22:18:06.290Z,36.3932,22.1675,10,4.3,49km SSE of Koroni - Greece
76,2015-11-11T23:49:41.800Z,37.13,22.04,13,4.4,2km SSE of Arfara - Greece
77,2015-11-10T20:29:43.820Z,34.9667,32.0882,13.8,4.3,28km WNW of Peyia - Cyprus
78,2015-11-07T22:36:04.640Z,37.25,15.88,22,4,56km ENE of Siracusa - Italy
79,2015-11-06T23:25:47.160Z,37.8994,21.4291,10,4.3,6km NE of Sinoikismos Khavarion - Greece
80,2015-11-01T07:52:33.220Z,45.8618,15.5518,2.36,4.3,5km SSW of Brezice - Slovenia
81,2015-11-01T06:27:05.530Z,41.3513,20.2265,17.77,4.7,15km S of Bulqize - Albania
82,2015-11-01T06:26:19.820Z,41.3351,20.1932,18.03,4.8,17km S of Bulqize - Albania
83,2015-10-31T09:20:32.820Z,41.376,20.2697,4.01,4.3,13km SSE of Bulqize - Albania
84,2015-10-30T20:56:40.110Z,34.3646,24.737,39.19,4.1,76km S of Moirai - Greece
85,2015-10-29T00:37:46.520Z,42.166,3.2175,7.85,4.1,8km ENE of l'Escala - Spain
86,2015-10-28T16:20:02.050Z,40.82,27.765,12.7,4.4,23km SW of Marmaraereglisi - Turkey
87,2015-10-27T13:21:46.480Z,35.8722,24.059,38.53,4.6,38km NNW of Mouzouras - Greece
88,2015-10-27T13:14:39.690Z,35.8575,24.0126,10,4.7,38km N of Chania - Greece
89,2015-10-27T01:25:51.900Z,38.92,24.33,25,4.4,20km W of Skyros - Greece
90,2015-10-26T20:07:59.840Z,39.7905,26.256,5.3,4,7km W of Ezine - Turkey
91,2015-10-25T15:46:03.950Z,37.5648,22.0829,6.04,4.7,18km NNW of Megalopolis - Greece
92,2015-10-24T02:59:00.110Z,35.3021,23.1776,20.2,4.5,42km WSW of Platanos - Greece
93,2015-10-23T18:29:42.520Z,37.9205,26.8081,26.24,4.4,16km NNE of Ydroussa - Greece
94,2015-10-23T17:13:20.290Z,38.0511,20.1573,15.37,4.4,29km SW of Lixourion - Greece
95,2015-10-22T19:04:21.160Z,35.4856,22.7358,46.78,4.1,78km W of Platanos - Greece
96,2015-10-16T00:16:25.160Z,39.4754,15.595,239.96,4.4,27km SW of Belvedere Marittimo - Italy
97,2015-10-14T13:17:09.950Z,34.4089,26.5307,36.85,4.5,87km SE of Makry Gialos - Greece
98,2015-10-14T10:20:50.340Z,38.77,14.81,309,4.5,35km NNW of Lipari - Italy
99,2015-10-13T23:18:11.580Z,39.0824,28.9876,8.26,4.2,1km SE of Simav - Turkey
100,2015-10-13T16:34:40.250Z,36.81,23.1696,98.66,4.3,18km NE of Gefyra - Greece
101,2015-10-12T02:16:10.920Z,34.5025,26.3751,13.5,4.7,70km SSE of Makry Gialos - Greece
102,2015-10-09T14:39:15.000Z,40.6847,36.6897,5,5.1,10km E of Erbaa - Turkey
103,2015-10-07T09:25:02.050Z,45.6574,26.8586,129.699,4.4,9km W of Poiana Cristei - Romania
104,2015-10-06T21:27:33.000Z,36.1682,29.8952,22.4,5.2,11km SW of Demre - Turkey
105,2015-10-03T02:35:01.230Z,71.3652,-4.3611,10,4.6,164km ENE of Olonkinbyen - Svalbard and Jan Mayen
106,2015-10-03T02:21:01.100Z,71.3235,-4.0087,10,4.2,175km ENE of Olonkinbyen - Svalbard and Jan Mayen
107,2015-10-03T01:46:23.280Z,71.4028,-3.8605,10,4.4,183km ENE of Olonkinbyen - Svalbard and Jan Mayen
108,2015-09-29T15:53:49.030Z,45.7228,26.7268,121,4.1,1km NE of Nereju - Romania
109,2015-09-29T09:12:40.090Z,34.686,24.592,24.7,4.9,45km SSW of Tympakion - Greece
110,2015-09-22T06:25:04.720Z,39.1413,29.1262,10,4.1,14km ENE of Simav - Turkey
111,2015-09-16T19:52:11.600Z,35.3458,27.7905,11.4,4.9,55km ESE of Karpathos - Greece
112,2015-09-16T03:23:23.070Z,36.121,30.7873,71.9,4.3,48km SSE of Tekirova - Turkey
113,2015-09-15T05:04:43.890Z,34.7732,24.988,15,4.7,29km SSW of Pirgos - Greece
114,2015-09-14T03:21:56.630Z,37.6033,22.0402,10.8,4.1,24km NNW of Megalopolis - Greece
115,2015-09-13T02:57:27.600Z,37.1173,28.9672,4.35,4.5,35km SSW of Konak - Turkey
116,2015-09-13T01:04:35.130Z,43.5572,11.2764,4.11,4.2,4km SW of Greve - Italy
117,2015-09-10T08:12:45.000Z,38.7907,26.1375,5,4.7,28km SW of Plomarion - Greece
118,2015-09-07T09:59:33.420Z,35.2813,23.3151,54.28,4.1,33km W of Palaiochora - Greece
119,2015-09-01T13:26:29.440Z,70.2843,-15.3895,10,4.4,247km E of Ittoqqortoormiit - Greenland
120,2015-08-31T06:02:44.570Z,37.32,30.726,128.6,4.1,19km SE of Bucak - Turkey
121,2015-08-30T13:28:04.520Z,37.7704,21.2755,31.76,4.6,5km SSW of Savalia - Greece
122,2015-08-29T20:25:14.390Z,38.4924,12.1774,7.46,4.3,60km NNW of Trapani - Italy
123,2015-08-29T18:47:04.120Z,46.2498,13.641,2.24,4,4km E of Kobarid - Slovenia
124,2015-08-29T18:12:49.260Z,36.3095,27.6768,81.34,4,18km WNW of Emponas - Greece
125,2015-08-29T04:55:34.670Z,34.5122,26.0553,27.92,4.2,59km S of Makry Gialos - Greece
126,2015-08-27T16:01:47.280Z,40.7787,21.259,10,4.5,12km W of Florina - Greece
127,2015-08-27T00:47:22.170Z,34.3953,25.6203,17.8,4.3,69km S of Ierapetra - Greece
128,2015-08-27T00:25:06.230Z,34.3238,25.6252,11.2,4.8,76km S of Ierapetra - Greece
129,2015-08-26T23:01:44.220Z,37.304,36.9733,6.5,4.2,14km SE of Turkoglu - Turkey
130,2015-08-26T20:41:55.970Z,40.7122,21.2378,7.6,4.2,16km WSW of Florina - Greece
131,2015-08-24T16:09:15.850Z,36.9718,30.7296,96.62,4.2,7km NNE of Antalya - Turkey
132,2015-08-24T04:25:20.320Z,40.7015,21.2695,16.2,4.4,14km SW of Florina - Greece
133,2015-08-20T02:56:47.900Z,38.15,20.42,18,4.4,5km S of Lixourion - Greece
134,2015-08-18T21:58:13.570Z,35.5486,31.2887,43.77,4.1,118km WNW of Polis - Cyprus
135,2015-08-18T21:19:44.530Z,35.6473,31.2871,47.26,5,115km SW of Gazipasa - Turkey
136,2015-08-18T16:24:34.700Z,34.0655,25.964,36.74,4.2,106km SSE of Ierapetra - Greece
137,2015-08-14T15:20:54.930Z,34.0775,26.2189,19.25,4.4,109km SSE of Makry Gialos - Greece
138,2015-08-14T04:46:58.810Z,34.1941,26.2427,21.51,4.2,97km SSE of Makry Gialos - Greece
139,2015-08-13T06:26:36.280Z,34.6424,24.9995,10,4.2,41km SSW of Pirgos - Greece
140,2015-08-09T22:31:00.800Z,35.53,22.67,52,4.3,84km W of Platanos - Greece
141,2015-08-09T21:39:19.400Z,38.14,22.05,69,4.4,11km SSW of Temeni - Greece
142,2015-08-08T22:46:24.720Z,38.55,14.26,14,4.1,59km N of Santo Stefano di Camastra - Italy
143,2015-08-08T17:22:20.950Z,39.245,21.4107,6.53,4.4,28km W of Neochorion - Greece
144,2015-08-06T15:03:59.300Z,53.176,2.168,4,4.2,62km NNE of Hemsby - United Kingdom
145,2015-08-03T07:27:51.490Z,39.142,16.6001,19.16,4.3,12km N of Albi - Italy
146,2015-08-03T00:55:53.240Z,35.2083,27.7821,12.01,4,61km ESE of Karpathos - Greece
147,2015-08-02T06:58:06.750Z,39.34,15.69,240,4.4,28km SW of Acquappesa - Italy
148,2015-08-01T18:48:25.370Z,36.56,28.2337,75.58,4,13km N of Rodos - Greece
149,2015-07-31T16:04:43.750Z,34.9425,24.2765,43.7,4.5,41km WSW of Ayia Galini - Greece
150,2015-07-30T23:37:13.330Z,67.1299,20.6582,15.96,4,0km SSE of Gaellivare - Sweden
151,2015-07-30T15:04:11.480Z,34.3172,33.6631,35.59,4.8,57km S of Perivolia - Cyprus
152,2015-07-29T22:00:55.810Z,36.5646,34.9787,29.62,4.9,35km W of Karatas - Turkey
153,2015-07-27T09:55:09.390Z,36.1065,31.15,11,4.1,71km SE of Tekirova - Turkey
154,2015-07-27T02:23:45.390Z,34.8148,22.8694,28.97,4.5,87km WSW of Palaiochora - Greece
155,2015-07-26T18:40:42.800Z,40.4635,23.9647,11.3,4.1,9km NE of Ierissos - Greece
156,2015-07-25T18:35:52.270Z,37.1478,28.7378,5.5,4,28km E of Ula - Turkey
157,2015-07-24T09:58:38.280Z,36.703,26.8098,140.62,5.1,14km WSW of Kefalos - Greece
158,2015-07-24T06:54:09.000Z,40.2527,26.302,11.3,4.2,8km NNW of Eceabat - Turkey
159,2015-07-24T02:39:43.740Z,40.2844,26.266,9.73,4.8,13km NW of Eceabat - Turkey
160,2015-07-24T01:26:00.650Z,40.248,26.297,11.6,4.4,8km NW of Eceabat - Turkey
161,2015-07-21T16:29:15.930Z,34.6918,32.9576,7.77,4.3,0km N of Ypsonas - Cyprus
162,2015-07-19T19:18:04.090Z,51.57,16.11,1,4,5km SW of Grebocice - Poland
163,2015-07-19T11:30:47.060Z,48.0951,23.6567,4.6,4,8km WSW of Neresnytsya - Ukraine
164,2015-07-14T16:54:07.230Z,34.6125,24.083,10,4.4,77km SSE of Palaiochora - Greece
165,2015-07-13T23:35:10.010Z,45.6612,26.4432,147.9,4,18km SE of Comandau - Romania
166,2015-07-12T16:10:10.820Z,37.7982,21.8397,19.08,4.5,14km NE of Lalas - Greece
167,2015-07-12T08:32:50.090Z,36.9718,28.36,6.2,4.1,15km NNE of Marmaris - Turkey
168,2015-07-09T10:41:36.430Z,36.833,27.0428,10,4.4,5km WNW of Antimacheia - Greece
169,2015-07-08T22:14:01.010Z,37.6097,29.5202,6.7,4,22km E of Serinhisar - Turkey
170,2015-07-08T06:53:19.340Z,51.5919,16.0691,5,4.7,6km W of Grebocice - Poland
171,2015-07-07T04:53:31.600Z,38.39,20.67,16,4.4,5km NW of Ithaki - Greece
172,2015-07-06T23:58:09.590Z,42.381,19.3946,20.7,4.3,5km ENE of Tuzi - Montenegro
173,2015-07-06T21:34:03.730Z,36.1107,21.4041,25.91,4.6,83km SSW of Methoni - Greece
174,2015-07-06T18:49:07.290Z,37.404,20.8681,10,4.1,34km S of Lithakia - Greece
175,2015-07-06T13:42:17.060Z,42.3635,19.3734,20.35,4.4,3km E of Tuzi - Montenegro
176,2015-07-05T14:26:48.040Z,45.6957,26.6526,132.9,4.4,5km WSW of Nereju - Romania
177,2015-07-01T05:00:05.320Z,63.7217,-23.2416,10,4.5,42km WSW of Grindavik - Iceland
178,2015-07-01T04:59:27.900Z,63.8622,-23.1378,10,4.5,28km SW of Sandgerdi - Iceland
179,2015-07-01T02:25:42.560Z,63.8386,-23.0179,10,4.5,26km SW of Sandgerdi - Iceland
180,2015-07-01T02:23:58.810Z,63.9994,-23.2388,10,4.4,26km W of Sandgerdi - Iceland
181,2015-06-30T07:40:01.390Z,70.9823,-7.7137,10,5.3,37km E of Olonkinbyen - Svalbard and Jan Mayen
182,2015-06-30T06:07:22.590Z,36.7706,21.5351,10,4.6,16km WSW of Methoni - Greece
183,2015-06-29T22:20:56.000Z,46.0347,27.1698,21.4,4.3,4km NNW of Pufesti - Romania
184,2015-06-29T11:36:37.760Z,39.1593,21.7345,21.68,4.5,13km S of Neochorion - Greece
185,2015-06-24T08:37:15.210Z,36.6375,27.1302,147.19,4.8,16km S of Kardamaina - Greece
186,2015-06-20T19:52:43.900Z,34.3082,26.2262,15.25,5,84km SSE of Makry Gialos - Greece
187,2015-06-18T21:21:11.980Z,71.5224,11.0348,10,4.3,Norwegian Sea
188,2015-06-18T01:52:58.900Z,35.08,26.7,10,4,43km ESE of Palaikastron - Greece
189,2015-06-11T03:08:28.960Z,63.9175,-22.7669,10.48,4.5,13km SW of Keflavik - Iceland
190,2015-06-09T23:25:27.790Z,34.995,26.7435,29.9,4.1,50km ESE of Palaikastron - Greece
191,2015-06-09T21:49:46.700Z,35.04,26.79,16,5.4,52km ESE of Palaikastron - Greece
192,2015-06-09T20:11:15.900Z,38.6195,23.39,15.1,4,10km ENE of Larimna - Greece
193,2015-06-09T01:09:03.000Z,38.62,23.39,13,5.3,11km ENE of Larimna - Greece
194,2015-06-08T22:20:41.760Z,34.239,26.2331,10,4.7,92km SSE of Makry Gialos - Greece
195,2015-06-04T21:42:41.490Z,36.7686,20.5945,29.55,4.2,97km WSW of Filiatra - Greece
196,2015-06-04T21:15:59.250Z,36.8179,20.5196,10,4.1,101km WSW of Filiatra - Greece
197,2015-06-02T14:04:21.100Z,38.15,20.45,15,4.6,4km SW of Argostolion - Greece
198,2015-06-01T00:31:58.780Z,42.8782,18.6833,10,4,20km E of Bileca - Bosnia and Herzegovina
199,2015-05-30T01:56:17.900Z,40.176,21.651,0.1,4,13km SE of Siatista - Greece
200,2015-05-29T13:07:57.260Z,42.92,14.3,10,4.4,31km E of Martinsicuro - Italy
201,2015-05-29T00:03:47.740Z,34.9734,26.7257,10,4,50km ESE of Palaikastron - Greece
202,2015-05-28T16:30:02.140Z,35.4296,27.0867,64.37,4.2,14km SW of Karpathos - Greece
203,2015-05-28T12:59:23.040Z,34.8942,26.7673,10,4.2,58km SE of Palaikastron - Greece
204,2015-05-28T12:56:38.550Z,34.926,26.764,9,4.2,55km ESE of Palaikastron - Greece
205,2015-05-26T17:53:05.430Z,40.2306,21.5639,17.13,4.4,3km SSE of Siatista - Greece
206,2015-05-23T08:45:22.900Z,38.675,22.716,1.8,4.2,6km NW of Elatia - Greece
207,2015-05-22T22:09:17.740Z,35.0175,26.8154,6.46,4.3,55km ESE of Palaikastron - Greece
208,2015-05-22T06:31:15.000Z,37.51,19.83,8,4.3,90km WSW of Mouzaki - Greece
209,2015-05-22T02:56:34.300Z,35.756,27.244,0,4,27km N of Karpathos - Greece
210,2015-05-21T21:02:45.850Z,36.5371,26.8343,143.31,4,25km SSW of Kefalos - Greece
211,2015-05-21T15:31:18.130Z,37.7402,19.907,10.34,4.2,68km SW of Lixourion - Greece
212,2015-05-18T23:13:58.380Z,34.5198,25.0482,10,4,54km S of Pirgos - Greece
213,2015-05-18T20:40:58.970Z,34.5488,25.0139,18.48,4.4,51km SSW of Pirgos - Greece
214,2015-05-18T18:35:13.920Z,36.7436,21.5263,47.64,4,18km WSW of Methoni - Greece
215,2015-05-18T17:35:34.070Z,35.301,23.2174,10,4.1,39km WSW of Platanos - Greece
216,2015-05-17T04:08:48.810Z,34.521,26.2895,24.86,4.4,65km SSE of Makry Gialos - Greece
217,2015-05-16T18:43:16.570Z,35.0603,26.7732,21.2,4.1,50km ESE of Palaikastron - Greece
218,2015-05-13T15:44:17.880Z,38.1158,20.3535,15.2,4,11km SW of Lixourion - Greece
219,2015-05-11T23:40:51.000Z,39.9942,33.2448,6.8,4,8km N of Elmadag - Turkey
220,2015-05-11T18:10:14.260Z,34.9625,26.7434,8.88,4,52km ESE of Palaikastron - Greece
221,2015-05-11T08:26:30.200Z,37.19,16.8,40,4.6,105km SE of Brancaleone Superiore - Italy
222,2015-05-11T05:02:01.360Z,35.072,26.87,30.9,4.3,57km SSW of Karpathos - Greece
223,2015-05-10T21:32:47.700Z,34.95,25.29,62,4.3,13km ESE of Pirgos - Greece
224,2015-05-09T08:22:41.000Z,38.6,15.36,215,4.7,38km ENE of Lipari - Italy
225,2015-05-08T05:48:52.090Z,36.7986,5.352,10,4.3,24km ENE of Bejaia - Algeria
226,2015-05-06T03:49:54.600Z,34.72,25.02,37,4.4,33km SSW of Pirgos - Greece
227,2015-05-05T13:33:22.550Z,34.5546,28.467,30.24,4,155km SE of Karpathos - Greece
228,2015-05-05T13:31:27.020Z,34.9869,26.9559,10,4.2,62km SSW of Karpathos - Greece
229,2015-05-04T05:48:18.340Z,34.356,25.82,13.6,4,72km S of Ierapetra - Greece
230,2015-05-04T04:07:38.160Z,34.4475,25.1227,45.92,4.7,61km S of Pirgos - Greece
231,2015-05-04T00:42:02.400Z,38.2583,21.5678,23.2,4.2,10km S of Galatas - Greece
232,2015-05-03T16:46:18.630Z,35.0334,26.8771,10,4,60km SSW of Karpathos - Greece
233,2015-05-02T12:45:57.610Z,40.8708,32.458,5,4.1,7km W of Gozyeri - Turkey
234,2015-05-02T08:23:46.300Z,34.45,25.78,13,5,62km S of Ierapetra - Greece
235,2015-05-01T21:25:33.370Z,42.767,17.93,2,4,11km SE of Podgora - Croatia
236,2015-04-28T16:16:49.790Z,44.5195,17.5957,9.48,4,7km SE of Maslovare - Bosnia and Herzegovina
237,2015-04-27T14:16:29.870Z,35.0105,26.8346,10,4.5,57km ESE of Palaikastron - Greece
238,2015-04-24T15:02:54.100Z,44.228,11.9,20.9,4.5,6km SSE of Faenza - Italy
239,2015-04-24T10:27:12.050Z,34.621,28.3617,10,4,143km SE of Karpathos - Greece
240,2015-04-24T04:08:37.400Z,35.137,26.805,0.1,4,51km E of Palaikastron - Greece
241,2015-04-22T22:17:34.500Z,35.072,26.886,1.3,4,56km SSW of Karpathos - Greece
242,2015-04-22T20:19:55.430Z,35.1067,26.8107,10,4.2,52km ESE of Palaikastron - Greece
243,2015-04-22T15:55:38.400Z,38.1338,20.3827,29.01,4.2,8km SSW of Lixourion - Greece
244,2015-04-21T09:37:33.570Z,35.194,26.803,13.4,4.1,50km SW of Karpathos - Greece
245,2015-04-21T01:57:40.300Z,35.23,26.76,9,4,46km E of Palaikastron - Greece
246,2015-04-20T07:43:03.180Z,35.19,26.754,27.3,4.3,45km E of Palaikastron - Greece
247,2015-04-19T23:36:47.350Z,34.9857,26.9047,10,4,64km SSW of Karpathos - Greece
248,2015-04-19T23:28:29.710Z,35.0163,26.9601,9.39,4,59km SSW of Karpathos - Greece
249,2015-04-19T14:20:01.810Z,35.0135,26.7943,10,4,53km ESE of Palaikastron - Greece
250,2015-04-19T02:48:45.520Z,35.0621,26.7664,11.18,4,49km ESE of Palaikastron - Greece
251,2015-04-18T16:46:50.350Z,36.4768,23.1447,18.6,4.7,25km SSE of Gefyra - Greece
252,2015-04-18T13:36:49.410Z,37.8536,21.3661,28,4.3,1km WNW of Sinoikismos Khavarion - Greece
253,2015-04-18T03:59:31.120Z,35.0326,26.8921,5.15,4.1,60km SSW of Karpathos - Greece
254,2015-04-17T22:16:22.170Z,50.2457,18.8923,5,4.3,2km ESE of Ruda Slaska - Poland
255,2015-04-17T19:20:57.410Z,34.7574,24.7516,22.93,4,34km SSW of Moirai - Greece
256,2015-04-17T16:39:43.430Z,35.1046,26.7181,10,4.4,43km ESE of Palaikastron - Greece
257,2015-04-17T11:30:37.040Z,35.051,26.84,13.2,4.1,56km ESE of Palaikastron - Greece
258,2015-04-17T10:23:46.730Z,35.197,26.671,15.3,4.2,38km E of Palaikastron - Greece
259,2015-04-17T02:05:40.330Z,35.0337,26.7848,15.38,5.3,52km ESE of Palaikastron - Greece
260,2015-04-17T01:50:43.520Z,34.9915,26.8248,12.9,4.1,57km ESE of Palaikastron - Greece
261,2015-04-16T20:15:50.160Z,35.1294,26.7775,28.71,4.4,48km E of Palaikastron - Greece
262,2015-04-16T19:02:12.040Z,35.0647,26.8768,10,5,57km SSW of Karpathos - Greece
263,2015-04-16T18:52:35.100Z,35.1105,26.794,10,4.8,50km E of Palaikastron - Greece
264,2015-04-16T18:50:18.270Z,34.8857,26.7637,10,4.2,58km SE of Palaikastron - Greece
265,2015-04-16T18:21:14.280Z,35.2313,26.7829,31.57,4,48km E of Palaikastron - Greece
266,2015-04-16T18:07:43.610Z,35.1891,26.8235,20,6,49km SW of Karpathos - Greece
267,2015-04-15T16:57:03.310Z,38.9673,15.3841,253.38,4.5,54km NW of Tropea - Italy
268,2015-04-15T08:33:47.850Z,34.834,32.4725,10,4.3,2km NE of Mesoyi - Cyprus
269,2015-04-15T08:25:11.630Z,34.8078,32.3311,10,5.3,6km WSW of Kissonerga - Cyprus
270,2015-04-14T08:00:02.700Z,34.43,26.67,9,4.8,93km SSE of Palaikastron - Greece
271,2015-04-13T03:49:04.090Z,39.133,24.4895,10,4.2,26km NNW of Skyros - Greece
272,2015-04-12T00:05:32.000Z,43.761,18.569,3.6,4.1,5km S of Koran - Bosnia and Herzegovina
273,2015-04-08T13:33:35.530Z,35.385,27.7199,38.03,4.4,47km ESE of Karpathos - Greece
274,2015-04-07T02:39:41.400Z,38.14,20.4,12,4.2,7km SSW of Lixourion - Greece
275,2015-04-06T16:42:31.550Z,35.2997,27.5841,16.53,4.5,40km SE of Karpathos - Greece
276,2015-04-04T04:38:20.000Z,38.315,20.525,11.2,4.6,12km WNW of Sami - Greece
277,2015-04-02T18:37:51.000Z,40.9173,22.2057,0.9,4.1,6km N of Mandalon - Greece
278,2015-04-02T02:27:07.100Z,42.19,26.32,5,4,11km N of Topolovgrad - Bulgaria
279,2015-04-01T10:42:17.600Z,38.3205,20.4647,14.8,4,13km NNE of Lixourion - Greece
280,2015-04-01T07:33:54.930Z,44.2786,16.3272,24.76,4.1,11km NNW of Bosansko Grahovo - Bosnia and Herzegovina
281,2015-03-31T15:48:41.430Z,38.3465,20.3897,13.11,4.7,16km NNW of Lixourion - Greece
282,2015-03-29T00:44:58.080Z,45.6231,26.4579,141.6,4.5,15km NNE of Gura Teghii - Romania
283,2015-03-28T13:26:20.290Z,36.63,27.2153,124.8,4.2,18km SSE of Kardamaina - Greece
284,2015-03-27T23:34:54.300Z,35.7086,26.6225,66.96,5.2,58km WNW of Karpathos - Greece
285,2015-03-27T01:42:41.130Z,37.956,27.219,5.4,4.2,11km NNW of Kusadasi - Turkey
286,2015-03-26T12:00:42.650Z,39.3357,24.7824,13.2,4.4,51km NNE of Skyros - Greece
287,2015-03-24T17:04:58.100Z,35.6782,5.6816,21.06,4.2,3km E of Ras el Aioun - Algeria
288,2015-03-21T22:55:57.670Z,35.6766,5.679,10,4.8,3km E of Ras el Aioun - Algeria
289,2015-03-18T23:31:03.240Z,35.6037,5.6919,10,4.2,8km SSE of Ras el Aioun - Algeria
290,2015-03-17T21:14:11.870Z,35.7244,5.6524,10,4.4,5km N of Ras el Aioun - Algeria
291,2015-03-17T15:57:15.230Z,36.0433,0.4238,13.67,4.2,32km ENE of Mostaganem - Algeria
292,2015-03-17T10:11:20.700Z,36.36,26.564,119.2,4.4,28km SE of Astypalaia - Greece
293,2015-03-16T22:50:18.580Z,35.7532,5.6736,10,4,9km NNE of Ras el Aioun - Algeria
294,2015-03-16T15:49:49.050Z,45.6587,26.4354,115.7,4.4,17km SE of Comandau - Romania
295,2015-03-16T11:18:35.620Z,37.3938,20.1471,15.88,4.4,70km WSW of Mouzaki - Greece
296,2015-03-15T11:22:13.910Z,35.7149,5.7067,10,4.6,7km NE of Ras el Aioun - Algeria
297,2015-03-14T02:55:13.120Z,34.4119,26.5368,27.98,4.2,87km SE of Makry Gialos - Greece
298,2015-03-13T13:33:08.390Z,36.4298,23.2178,16.7,4.4,32km SSE of Gefyra - Greece
299,2015-03-12T20:24:09.460Z,35.4509,27.8171,10.02,4,55km E of Karpathos - Greece
300,2015-03-12T00:39:21.500Z,35.48,27.82,8,4.4,55km E of Karpathos - Greece
301,2015-03-08T20:47:27.370Z,44.1261,19.9357,9.02,4.4,16km S of Valjevo - Serbia
302,2015-03-08T16:40:36.520Z,35.3618,27.4232,27.45,4.1,24km SE of Karpathos - Greece
303,2015-03-08T06:02:23.460Z,37.8906,-15.3369,10,4.4,Azores-Cape St. Vincent Ridge
304,2015-03-06T04:01:49.340Z,34.896,-2.8022,5,4.3,8km SW of Zaio - Morocco
305,2015-03-04T00:00:04.350Z,43.604,11.175,9.2,4,4km N of Tavarnelle Val di Pesa - Italy
306,2015-02-28T08:24:25.300Z,43.57,18.43,5,4.1,21km SSE of Gracanica - Bosnia and Herzegovina
307,2015-02-28T03:16:17.810Z,41.979,13.535,17.3,4.2,2km N of Trasacco - Italy
308,2015-02-27T22:25:06.740Z,38.6868,26.4033,16.7,4,10km WNW of Karaburun - Turkey
309,2015-02-23T16:16:29.500Z,39.0574,-2.6729,7.6,4.5,12km NNE of Ossa de Montiel - Spain
310,2015-02-22T04:39:01.480Z,35.2772,27.789,13.8,4,58km ESE of Karpathos - Greece
311,2015-02-21T19:10:12.080Z,45.7301,26.6366,143.7,4.2,6km WNW of Nereju - Romania
312,2015-02-19T01:26:12.040Z,64.4954,-17.6296,8.1,4.3,119km WNW of Hofn - Iceland
313,2015-02-16T11:52:46.190Z,37.2188,30.0841,10,4.7,14km S of Kemer - Turkey
314,2015-02-14T07:50:35.200Z,35.54,21.98,10,4.3,139km S of Koroni - Greece
315,2015-02-13T21:22:56.230Z,64.6857,-17.0423,5.85,4.6,100km WNW of Hofn - Iceland
316,2015-02-10T08:56:29.860Z,37.1685,30.0058,5,4.5,20km NW of Korkuteli - Turkey
317,2015-02-10T05:31:35.170Z,34.6222,28.4337,43.96,4.2,148km SE of Karpathos - Greece
318,2015-02-10T04:01:54.880Z,36.0495,35.9713,11.8,4.4,3km S of Samandagi - Turkey
319,2015-02-10T03:18:56.660Z,64.5473,-17.6288,8.6,4.6,121km WNW of Hofn - Iceland
320,2015-02-08T05:29:03.600Z,35.5321,22.7048,54.81,4.3,81km W of Platanos - Greece
321,2015-02-07T01:56:23.370Z,41.8339,20.1526,21.31,4.6,8km NE of Kurbnesh - Albania
322,2015-02-06T08:52:28.610Z,38.7493,15.098,245.41,4.8,33km NNE of Lipari - Italy
323,2015-02-06T03:48:11.940Z,64.6159,-17.7092,7.16,4.7,120km S of Akureyri - Iceland
324,2015-02-05T16:17:47.820Z,34.8341,25.3939,16.66,4.4,28km SE of Pirgos - Greece
325,2015-02-05T06:16:46.720Z,42.7257,26.0496,10,4.2,12km ENE of Tvurditsa - Bulgaria
326,2015-02-05T03:13:13.530Z,64.5443,-17.7707,7.98,4.6,127km S of Akureyri - Iceland
327,2015-02-03T05:56:30.500Z,50.5147,34.1273,10,4.4,18km NNE of Hadyach - Ukraine
328,2015-02-02T21:34:33.140Z,64.2238,-17.993,10,4.3,103km NNE of Vik - Iceland
329,2015-02-02T04:41:04.800Z,40.3229,25.9644,9.28,4.3,14km NNE of Gokceada - Turkey
330,2015-02-01T23:38:25.400Z,36.5438,2.985,10,4.2,1km NNW of Bouinan - Algeria
331,2015-02-01T20:06:36.590Z,36.4862,3.0115,19.05,4.7,5km SSE of Bouinan - Algeria
332,2015-02-01T08:18:55.410Z,64.5182,-17.888,7.93,4.4,130km S of Akureyri - Iceland
333,2015-01-30T18:16:02.360Z,64.571,-17.6757,8.26,4.1,124km WNW of Hofn - Iceland
334,2015-01-30T00:45:49.700Z,46.41,13.14,6,4.4,4km W of Moggio Udinese - Italy
335,2015-01-29T21:45:20.160Z,64.3609,-17.7048,6.44,4.4,121km W of Hofn - Iceland
336,2015-01-29T21:22:16.780Z,64.6038,-17.56,7.19,4.3,119km WNW of Hofn - Iceland
337,2015-01-29T21:18:44.720Z,64.2117,-17.7979,8.19,4.5,107km NNE of Vik - Iceland
338,2015-01-28T22:51:59.090Z,45.6413,26.4919,127.5,4.1,18km NNE of Gura Teghii - Romania
339,2015-01-28T15:54:39.020Z,34.4562,25.0882,37,5.1,60km S of Pirgos - Greece
340,2015-01-28T01:10:42.780Z,51.5442,16.2365,5,4.3,4km NNW of Rudna - Poland
341,2015-01-26T19:24:40.110Z,64.4586,-17.959,10,4.4,127km NNE of Vik - Iceland
342,2015-01-25T18:27:19.480Z,64.5044,-17.7484,8.12,4.4,125km WNW of Hofn - Iceland
343,2015-01-25T07:56:24.680Z,34.1259,26.1964,31.38,4.1,103km SSE of Makry Gialos - Greece
344,2015-01-24T07:55:47.060Z,45.6965,26.5708,84.5,4.5,11km W of Nereju - Romania
345,2015-01-24T07:25:47.000Z,64.67,-17.46,1.1,4.6,116km SSE of Akureyri - Iceland
346,2015-01-23T18:14:21.800Z,71.4685,-12.498,7.71,4.3,149km WNW of Olonkinbyen - Svalbard and Jan Mayen
347,2015-01-23T18:07:05.510Z,64.6122,-17.6509,12.04,4.4,121km S of Akureyri - Iceland
348,2015-01-23T15:10:38.000Z,35.9818,31.0277,99,4,73km SE of Tekirova - Turkey
349,2015-01-23T10:19:42.130Z,40.065,28.587,5,4.2,22km SE of Karacabey - Turkey
350,2015-01-23T06:51:20.000Z,44.1293,11.1357,9.7,4.5,2km WSW of Castiglione dei Pepoli - Italy
351,2015-01-23T03:07:03.020Z,64.6538,-17.5206,6.63,4.6,117km SSE of Akureyri - Iceland
352,2015-01-22T19:27:46.130Z,37.4375,36.3148,6.9,4.4,15km SSW of Andirin - Turkey
353,2015-01-22T04:46:55.230Z,36.4143,26.5578,154.03,4.3,23km SE of Astypalaia - Greece
354,2015-01-22T00:03:39.120Z,64.5352,-17.6449,7.46,4.4,121km WNW of Hofn - Iceland
355,2015-01-21T19:21:16.650Z,64.5034,-17.7247,8.12,4.5,126km WNW of Hofn - Iceland
356,2015-01-21T01:30:08.700Z,42.7405,20.3708,11.49,4.4,3km N of Dubovo - Kosovo
357,2015-01-20T16:05:56.910Z,34.1931,23.6052,10,4.4,115km S of Palaiochora - Greece
358,2015-01-20T15:44:46.200Z,64.4309,-17.9079,7.96,4.3,125km NNE of Vik - Iceland
359,2015-01-20T11:57:57.080Z,64.4182,-17.7489,7.89,4.3,124km W of Hofn - Iceland
360,2015-01-20T11:22:58.190Z,64.4304,-17.9078,10,4.3,125km NNE of Vik - Iceland
361,2015-01-20T10:32:27.120Z,64.5031,-17.4205,12.54,4.7,110km WNW of Hofn - Iceland
362,2015-01-20T09:45:58.240Z,64.4333,-17.5287,7.44,4.3,113km W of Hofn - Iceland
363,2015-01-20T00:58:31.800Z,38.354,22.0792,10.4,4.3,8km NNE of Selianitika - Greece
364,2015-01-19T23:53:07.090Z,45.8756,27.1509,40,4,4km NE of Tifesti - Romania
365,2015-01-19T22:59:51.510Z,39.399,26.3202,14.9,4.1,9km N of Mantamados - Greece
366,2015-01-18T22:27:52.500Z,64.5082,-17.75,8.96,4.7,125km WNW of Hofn - Iceland
367,2015-01-18T07:35:52.290Z,64.7117,-17.2895,7.35,4.7,112km WNW of Hofn - Iceland
368,2015-01-17T01:59:42.500Z,35.047,26.686,0,4.1,43km ESE of Palaikastron - Greece
369,2015-01-17T00:42:34.970Z,39.8848,30.3955,5.5,4.3,16km NW of Eskisehir - Turkey
370,2015-01-16T17:38:22.080Z,64.6132,-17.3089,8.36,4.7,108km WNW of Hofn - Iceland
371,2015-01-15T08:57:17.350Z,64.5193,-17.5978,7.2,4.3,119km WNW of Hofn - Iceland
372,2015-01-15T07:12:00.850Z,64.6046,-17.4151,7.14,4.4,113km WNW of Hofn - Iceland
373,2015-01-15T07:10:27.000Z,64.61,-17.38,1.1,4.5,111km WNW of Hofn - Iceland
374,2015-01-13T22:48:44.000Z,35.66,27.16,17,4,17km NNW of Karpathos - Greece
375,2015-01-13T17:52:00.700Z,64.6792,-17.271,8.95,4.7,109km WNW of Hofn - Iceland
376,2015-01-13T15:00:46.580Z,64.4444,-17.9127,10,4.4,126km NNE of Vik - Iceland
377,2015-01-13T11:19:08.200Z,36.44,22.79,73,4.8,33km SSW of Asopos - Greece
378,2015-01-12T18:30:26.500Z,64.59,-17.8055,8.91,4.5,122km S of Akureyri - Iceland
379,2015-01-12T06:08:31.020Z,45.533,27.0418,17.8,4.2,1km SSW of Bordesti - Romania
380,2015-01-12T00:22:44.120Z,64.4533,-17.8284,8.19,4.5,128km W of Hofn - Iceland
381,2015-01-12T00:18:04.690Z,64.4568,-17.5386,6.95,4.7,114km WNW of Hofn - Iceland
382,2015-01-11T05:27:37.220Z,64.7278,-17.3729,6.99,4.5,111km SSE of Akureyri - Iceland
383,2015-01-10T19:27:22.650Z,69.7344,-15.7073,10,4.3,251km ESE of Ittoqqortoormiit - Greenland
384,2015-01-10T18:23:41.150Z,64.5642,-17.4362,8.14,4.7,112km WNW of Hofn - Iceland
385,2015-01-10T16:12:59.000Z,64.3318,-17.6445,10,4.3,118km W of Hofn - Iceland
386,2015-01-10T14:00:01.500Z,35.33,26.19,14,4.4,15km NNW of Palaikastron - Greece
387,2015-01-10T04:32:09.210Z,38.1695,27.0455,6.17,4,11km SW of Cumaovasi - Turkey
388,2015-01-08T18:47:12.930Z,64.5611,-17.773,9.46,5.1,126km S of Akureyri - Iceland
389,2015-01-08T18:44:46.400Z,37.0948,36.8433,8.8,4.2,12km SE of Nurdagi - Turkey
390,2015-01-08T15:43:09.570Z,64.6034,-17.4501,10.28,4.6,114km WNW of Hofn - Iceland
391,2015-01-07T11:10:30.110Z,64.7119,-17.5784,8.71,4.6,110km SSE of Akureyri - Iceland
392,2015-01-06T22:16:44.460Z,36.9697,34.3995,5.4,4.3,27km NW of Mercin - Turkey
393,2015-01-06T15:42:58.690Z,71.4492,-3.4666,10,4.2,197km ENE of Olonkinbyen - Svalbard and Jan Mayen
394,2015-01-06T13:36:22.440Z,64.4833,-17.8341,8.34,4.4,129km WNW of Hofn - Iceland
395,2015-01-06T09:23:32.450Z,71.551,-3.3021,10,4.3,206km ENE of Olonkinbyen - Svalbard and Jan Mayen
396,2015-01-05T21:53:20.810Z,64.637,-17.7023,7.07,5,118km S of Akureyri - Iceland
397,2015-01-05T11:54:00.900Z,34.96,26.35,4,4.5,28km SSE of Palaikastron - Greece
398,2015-01-04T23:29:31.090Z,64.5932,-17.795,7.94,4.5,122km S of Akureyri - Iceland
399,2015-01-04T19:40:38.090Z,45.5605,26.4225,119.3,4.3,8km N of Gura Teghii - Romania
400,2015-01-04T07:49:42.270Z,64.5993,-17.6711,6.29,4.5,122km S of Akureyri - Iceland
401,2015-01-04T00:36:49.890Z,64.6207,-17.7074,5.21,4.2,119km S of Akureyri - Iceland
402,2015-01-03T12:01:13.660Z,64.6488,-17.7668,7.07,4.3,116km S of Akureyri - Iceland
403,2015-01-03T04:46:56.840Z,64.539,-17.9831,7.53,4.3,127km S of Akureyri - Iceland
404,2015-01-03T03:39:35.000Z,45.7819,26.6671,75.8,4.2,3km W of Paltin - Romania
405,2015-01-03T00:32:30.350Z,64.4571,-17.5692,7.35,4.6,116km WNW of Hofn - Iceland
406,2015-01-03T00:29:12.730Z,64.4415,-17.795,10.52,4.4,126km W of Hofn - Iceland
407,2015-01-02T18:29:28.750Z,34.279,24.8675,25.25,4,84km SSW of Pirgos - Greece
408,2015-01-02T17:39:09.740Z,64.6123,-17.8717,9.84,4.5,119km S of Akureyri - Iceland
409,2015-01-02T08:31:34.330Z,39.8644,15.5045,281.68,4.2,21km SSE of Camerota - Italy
410,2015-01-02T06:16:28.100Z,37.38,20.32,5,4.4,58km SW of Mouzaki - Greece
411,2015-01-02T06:03:12.430Z,34.2906,23.5404,31.59,4,105km S of Palaiochora - Greece
412,2015-01-01T19:48:04.650Z,41.5109,14.3239,318.14,4.2,2km WNW of Roccamandolfi - Italy
413,2015-01-01T14:43:16.810Z,64.5448,-17.5205,7.76,4.4,116km WNW of Hofn - Iceland
414,2015-01-01T12:30:12.710Z,64.5274,-17.7008,10,4.2,124km WNW of Hofn - Iceland
415,2015-01-01T00:36:10.240Z,64.6073,-17.6866,5.71,4.3,121km S of Akureyri - Iceland
416,2014-12-31T16:41:17.710Z,34.2103,24.9872,21.74,4.1,88km S of Pirgos - Greece
417,2014-12-31T14:40:40.400Z,64.73,-17.0797,8.84,4.4,104km WNW of Hofn - Iceland
418,2014-12-31T04:49:58.200Z,38.19,22.51,20,4.3,10km NE of Dhervenion - Greece
419,2014-12-30T20:54:16.340Z,64.4784,-17.6649,7.91,4.6,121km WNW of Hofn - Iceland
420,2014-12-30T00:11:14.010Z,64.628,-17.7035,8.9,5,119km S of Akureyri - Iceland
421,2014-12-29T20:34:11.570Z,41.7007,19.2785,7.01,5,25km S of Ulcinj - Montenegro
422,2014-12-29T14:32:28.130Z,64.5559,-17.8226,7.79,4.4,126km S of Akureyri - Iceland
423,2014-12-29T08:06:22.860Z,38.8902,26.277,12.1,4.4,12km SW of Plomarion - Greece
424,2014-12-29T00:56:01.990Z,67.296,-18.8387,10,4.5,127km N of Siglufjordur - Iceland
425,2014-12-28T23:18:50.280Z,67.3032,-18.7351,10,4.5,128km N of Siglufjordur - Iceland
426,2014-12-28T22:43:35.600Z,67.0719,-18.9924,10,4.2,102km N of Siglufjordur - Iceland
427,2014-12-28T21:43:38.000Z,39.2918,16.3583,11.1,4.6,1km E of Spezzano Piccolo - Italy
428,2014-12-28T07:24:01.070Z,64.5981,-17.8775,7.05,4.4,121km S of Akureyri - Iceland
429,2014-12-28T05:40:02.300Z,39.361,21.4835,3.7,4.1,15km SW of Pyli - Greece
430,2014-12-27T14:49:37.200Z,64.5541,-17.534,8.99,4.5,117km WNW of Hofn - Iceland
431,2014-12-27T05:37:20.370Z,64.443,-17.9235,9.14,4.4,126km NNE of Vik - Iceland
432,2014-12-26T17:55:18.140Z,36.5237,3.0667,14.26,5.1,2km SSW of Bougara - Algeria
433,2014-12-25T22:53:26.840Z,64.5553,-17.2888,7.17,5,105km WNW of Hofn - Iceland
434,2014-12-25T11:02:08.600Z,64.5328,-17.7517,9.14,4.3,126km WNW of Hofn - Iceland
435,2014-12-25T02:41:29.770Z,64.5925,-17.7572,7.08,4.6,122km S of Akureyri - Iceland
436,2014-12-24T18:55:26.720Z,64.5975,-17.5547,7.55,4.4,119km WNW of Hofn - Iceland
437,2014-12-24T18:11:35.720Z,35.7435,30.3332,7.8,4.1,63km SSE of Demre - Turkey
438,2014-12-24T15:41:21.680Z,43.2808,20.8279,10,4.3,19km N of Leposavic - Kosovo
439,2014-12-24T11:40:10.990Z,41.698,14.957,17.6,4.4,1km NNW of San Giuliano di Puglia - Italy
440,2014-12-24T02:06:32.780Z,64.5946,-18.0605,10,4.3,121km S of Akureyri - Iceland
441,2014-12-23T22:23:48.060Z,64.6315,-17.505,6.65,4.5,118km WNW of Hofn - Iceland
442,2014-12-23T11:35:40.210Z,64.5799,-17.6891,7.83,4.4,124km S of Akureyri - Iceland
443,2014-12-23T08:59:04.720Z,36.4956,3.0527,13.43,4.7,5km SSW of Bougara - Algeria
444,2014-12-23T08:00:21.800Z,36.4924,3.0247,7.29,4.9,5km SE of Bouinan - Algeria
445,2014-12-22T23:49:26.130Z,64.5698,-17.8583,8.26,4.3,124km S of Akureyri - Iceland
446,2014-12-22T17:42:43.060Z,64.5503,-17.4904,10,4.6,114km WNW of Hofn - Iceland
447,2014-12-22T13:25:07.900Z,64.4792,-17.6598,11.24,4.5,121km WNW of Hofn - Iceland
448,2014-12-21T20:48:10.400Z,64.0856,-17.9798,6.86,4.5,90km NE of Vik - Iceland
449,2014-12-21T17:59:13.000Z,34.38,25.07,10,4.2,69km S of Pirgos - Greece
450,2014-12-21T17:53:57.880Z,36.576,2.9621,21.4,4.4,4km E of Boufarik - Algeria
451,2014-12-21T16:12:14.180Z,64.4814,-17.7584,7.99,4.2,125km WNW of Hofn - Iceland
452,2014-12-21T01:08:19.450Z,64.5682,-17.8581,6.19,4.3,124km S of Akureyri - Iceland
453,2014-12-20T13:12:42.650Z,64.4433,-17.6361,8.05,4.5,119km WNW of Hofn - Iceland
454,2014-12-20T12:40:56.230Z,64.6349,-17.184,9.46,4.6,104km WNW of Hofn - Iceland
455,2014-12-19T22:40:32.600Z,39.328,22.602,19.7,4.2,14km WSW of Velestinon - Greece
456,2014-12-19T17:17:56.010Z,36.8715,20.5463,20.77,4.3,97km WSW of Filiatra - Greece
457,2014-12-19T11:06:05.130Z,36.544,2.9827,10,4.6,1km NNW of Bouinan - Algeria
458,2014-12-19T08:12:48.800Z,64.578,-17.8509,7.94,4.5,123km S of Akureyri - Iceland
459,2014-12-19T03:49:01.090Z,64.4206,-17.8534,7.25,4.3,125km NNE of Vik - Iceland
460,2014-12-18T22:18:22.660Z,64.476,-17.4174,7.87,4.4,109km WNW of Hofn - Iceland
461,2014-12-18T11:57:06.760Z,64.5405,-17.3566,10,4.5,108km WNW of Hofn - Iceland
462,2014-12-17T13:58:50.390Z,64.5909,-17.7629,8.17,5.3,122km S of Akureyri - Iceland
463,2014-12-16T18:57:05.030Z,64.5156,-17.7839,5.7,4.4,127km WNW of Hofn - Iceland
464,2014-12-16T15:02:35.820Z,36.4425,3.013,15.36,4,10km S of Bouinan - Algeria
465,2014-12-16T09:02:13.760Z,40.148,27.074,8.8,4.4,12km N of Can - Turkey
466,2014-12-15T09:26:54.210Z,64.6066,-17.1993,10,5.4,103km WNW of Hofn - Iceland
467,2014-12-15T07:08:50.010Z,64.3998,-17.969,10,4.4,121km NNE of Vik - Iceland
468,2014-12-14T14:33:31.850Z,40.4602,15.0133,299.6,4.2,6km NW of Capaccio - Italy
469,2014-12-14T04:11:15.350Z,64.4346,-17.7925,7.31,4.2,126km W of Hofn - Iceland
470,2014-12-14T03:59:59.260Z,64.5031,-17.6839,5.8,4.4,122km WNW of Hofn - Iceland
471,2014-12-13T21:09:42.690Z,36.8457,20.6584,25.19,4,88km WSW of Filiatra - Greece
472,2014-12-13T18:31:51.850Z,64.5328,-17.8388,6.56,4.8,128km S of Akureyri - Iceland
473,2014-12-13T16:21:30.310Z,64.5013,-17.412,8.36,4.3,109km WNW of Hofn - Iceland
474,2014-12-13T05:21:35.150Z,64.678,-17.3649,5.91,4.7,114km WNW of Hofn - Iceland
475,2014-12-13T02:34:22.680Z,64.532,-17.4948,6.89,4.5,114km WNW of Hofn - Iceland
476,2014-12-12T08:25:38.080Z,45.7388,26.7849,120.1,4,3km WSW of Andreiasu de Jos - Romania
477,2014-12-12T05:52:49.010Z,64.6025,-17.3943,7.45,4.5,112km WNW of Hofn - Iceland
478,2014-12-12T05:24:12.000Z,37.1457,28.8002,7.6,4.1,32km S of Kale - Turkey
479,2014-12-12T00:38:16.240Z,64.6827,-17.5125,8.38,4.8,114km SSE of Akureyri - Iceland
480,2014-12-11T22:24:23.400Z,38.3932,20.413,18.2,4.6,21km N of Lixourion - Greece
481,2014-12-11T16:15:28.000Z,64.4971,-17.8907,6.89,4.5,132km WNW of Hofn - Iceland
482,2014-12-11T12:40:24.960Z,64.5267,-17.8876,7.7,4.6,129km S of Akureyri - Iceland
483,2014-12-11T05:30:04.400Z,36.6368,20.934,0,4.2,71km WSW of Methoni - Greece
484,2014-12-11T01:12:37.230Z,71.6868,-2.543,10,4.4,236km ENE of Olonkinbyen - Svalbard and Jan Mayen
485,2014-12-10T19:58:38.090Z,64.4472,-17.6835,10.37,4.6,121km WNW of Hofn - Iceland
486,2014-12-10T13:13:04.610Z,38.2957,22.0967,73.68,4.1,5km NNE of Aigion - Greece
487,2014-12-09T18:00:08.250Z,64.5777,-17.3904,13.47,4.9,111km WNW of Hofn - Iceland
488,2014-12-09T10:04:02.130Z,64.1171,-18.188,10,4.2,88km NNE of Vik - Iceland
489,2014-12-09T00:07:04.070Z,64.6154,-17.1813,6.75,4.5,103km WNW of Hofn - Iceland
490,2014-12-08T20:57:49.610Z,64.3782,-17.9638,7.24,4.6,118km NNE of Vik - Iceland
491,2014-12-07T21:04:05.010Z,45.9073,27.1727,38.3,4.6,5km WNW of Marasheshty - Romania
492,2014-12-07T15:10:44.660Z,64.6415,-17.884,10,4.5,116km S of Akureyri - Iceland
493,2014-12-07T10:38:17.830Z,64.6861,-17.1789,9.24,4.6,106km WNW of Hofn - Iceland
494,2014-12-07T02:15:42.650Z,64.4944,-17.8297,7.13,4.2,129km WNW of Hofn - Iceland
495,2014-12-06T06:20:53.000Z,38.8955,26.2693,13.4,4.9,12km SW of Plomarion - Greece
496,2014-12-06T01:45:06.760Z,38.894,26.272,12.4,5.1,12km SW of Plomarion - Greece
497,2014-12-05T21:04:58.260Z,64.5545,-17.3112,0.2,5.4,106km WNW of Hofn - Iceland
498,2014-12-05T03:03:54.320Z,64.5866,-17.7948,7.44,4.5,123km S of Akureyri - Iceland
499,2014-12-04T22:44:52.590Z,64.3138,-17.9467,7.98,4.4,112km NNE of Vik - Iceland
500,2014-12-04T21:16:29.300Z,38.6145,26.1205,16.2,4.4,14km NW of Oinoussai - Greece
501,2014-12-04T15:45:02.070Z,64.3644,-17.7781,4.34,4.4,121km NNE of Vik - Iceland
502,2014-12-04T05:35:23.380Z,35.8997,29.1858,20.4,4.1,45km SSW of Kalkan - Turkey
503,2014-12-04T03:28:16.340Z,64.4979,-17.5452,7.61,4.5,116km WNW of Hofn - Iceland
504,2014-12-04T00:32:30.920Z,64.3648,-17.8137,6.88,4.3,121km NNE of Vik - Iceland
505,2014-12-03T03:48:44.740Z,64.5328,-17.5075,7.47,4.5,115km WNW of Hofn - Iceland
506,2014-12-02T17:19:29.020Z,64.5363,-17.4899,7.1,4.5,114km WNW of Hofn - Iceland
507,2014-12-02T02:18:28.000Z,64.666,-17.487,2.5,5.3,116km SSE of Akureyri - Iceland
508,2014-12-01T22:48:06.510Z,34.9899,26.7118,23.68,4.1,48km ESE of Palaikastron - Greece
509,2014-12-01T19:55:27.910Z,64.5506,-17.8489,10,4.6,126km S of Akureyri - Iceland
510,2014-12-01T14:29:20.970Z,64.4083,-17.7963,7.37,4.3,125km NNE of Vik - Iceland
511,2014-12-01T12:52:35.060Z,64.5267,-17.5999,6.09,5.4,119km WNW of Hofn - Iceland
512,2014-12-01T05:25:14.950Z,64.6464,-17.4698,8.02,4.4,117km WNW of Hofn - Iceland
513,2014-11-30T18:42:12.230Z,64.3676,-17.5914,9.66,4.7,116km W of Hofn - Iceland
514,2014-11-30T16:28:14.500Z,51.26,19.07,10,4.5,8km SSW of Szczercow - Poland
515,2014-11-30T09:34:25.800Z,44.57,9.43,12,4,3km NNW of Santo Stefano d'Aveto - Italy
516,2014-11-30T08:11:34.870Z,64.5769,-17.8098,5.49,4.6,124km S of Akureyri - Iceland
517,2014-11-30T04:16:42.110Z,64.4985,-17.7965,8.66,4.4,127km WNW of Hofn - Iceland
518,2014-11-30T03:58:33.360Z,64.5241,-17.6598,6.77,4.4,122km WNW of Hofn - Iceland
519,2014-11-29T21:16:29.450Z,64.5713,-17.6306,6.1,4.2,122km WNW of Hofn - Iceland
520,2014-11-29T11:19:30.240Z,64.5163,-17.1688,8.84,4.6,99km WNW of Hofn - Iceland
521,2014-11-29T01:51:53.910Z,64.4219,-17.3325,8.37,4.5,104km WNW of Hofn - Iceland
522,2014-11-28T23:25:38.690Z,64.4282,-17.626,9.08,4.6,118km W of Hofn - Iceland
523,2014-11-28T22:52:44.470Z,64.5205,-17.8026,8.49,4.5,128km WNW of Hofn - Iceland
524,2014-11-28T19:13:38.030Z,64.5419,-17.8743,7.61,4.5,127km S of Akureyri - Iceland
525,2014-11-28T13:03:38.660Z,64.4592,-17.1501,8.01,4.3,96km WNW of Hofn - Iceland
526,2014-11-28T06:14:00.350Z,64.6405,-17.4009,9.26,4.8,114km WNW of Hofn - Iceland
527,2014-11-28T02:30:07.600Z,39.32,28.99,10,4.5,23km W of Emet - Turkey
528,2014-11-27T08:06:28.810Z,64.4191,-17.7578,4.08,4.3,124km W of Hofn - Iceland
529,2014-11-27T00:35:13.790Z,64.5926,-17.6169,8.03,4.5,122km WNW of Hofn - Iceland
530,2014-11-26T18:53:14.330Z,64.5339,-17.671,10,4.6,122km WNW of Hofn - Iceland
531,2014-11-26T13:14:28.600Z,64.5371,-17.6855,7.68,4.6,123km WNW of Hofn - Iceland
532,2014-11-26T05:05:33.550Z,36.9626,27.8015,10,4.1,27km NNE of Datca - Turkey
533,2014-11-26T00:04:47.000Z,39.3408,29.0512,2.3,4.1,17km W of Emet - Turkey
534,2014-11-25T23:26:23.420Z,64.5263,-17.5383,7.36,4.5,116km WNW of Hofn - Iceland
535,2014-11-25T13:14:28.900Z,64.5767,-17.8994,7.97,4.2,123km S of Akureyri - Iceland
536,2014-11-25T10:21:22.520Z,64.426,-17.4516,9.64,4.4,110km W of Hofn - Iceland
537,2014-11-25T09:04:32.730Z,71.6171,-2.7778,10,4.5,226km ENE of Olonkinbyen - Svalbard and Jan Mayen
538,2014-11-25T09:01:56.450Z,71.5647,-2.0819,10,4.4,248km ENE of Olonkinbyen - Svalbard and Jan Mayen
539,2014-11-24T15:42:24.610Z,38.515,20.451,23.77,4.3,28km NW of Ithaki - Greece
540,2014-11-24T09:16:28.700Z,38.82,25.66,15,4.1,45km SSW of Eresos - Greece
541,2014-11-24T09:03:28.390Z,64.6727,-17.557,10,5.2,115km SSE of Akureyri - Iceland
542,2014-11-24T07:20:32.110Z,38.302,20.363,15.2,4.5,12km NNW of Lixourion - Greece
543,2014-11-23T20:04:37.480Z,64.6464,-17.7869,8.35,4.1,116km S of Akureyri - Iceland
544,2014-11-23T09:22:49.000Z,64.502,-17.5573,5.61,4.9,116km WNW of Hofn - Iceland
545,2014-11-23T03:02:41.240Z,64.4794,-17.709,6.83,4.5,123km WNW of Hofn - Iceland
546,2014-11-22T19:52:53.950Z,64.6264,-17.6297,8.06,4.4,119km S of Akureyri - Iceland
547,2014-11-22T19:14:16.370Z,45.8977,27.1505,32,5.6,5km E of Panciu - Romania
548,2014-11-22T18:36:54.290Z,64.4695,-17.7746,10.79,4.4,126km WNW of Hofn - Iceland
549,2014-11-21T22:21:14.160Z,64.6419,-17.0953,4.98,4.5,100km WNW of Hofn - Iceland
550,2014-11-21T22:15:55.080Z,64.5881,-17.5992,7.47,4.5,121km WNW of Hofn - Iceland
551,2014-11-21T12:20:42.670Z,64.4495,-17.4474,8.11,4.3,110km WNW of Hofn - Iceland
552,2014-11-21T12:15:28.170Z,64.6298,-17.6827,6.98,4.5,119km S of Akureyri - Iceland
553,2014-11-21T07:41:46.890Z,64.4911,-17.6879,13.48,4.4,122km WNW of Hofn - Iceland
554,2014-11-21T02:18:40.350Z,64.5337,-17.6592,5.8,4.5,122km WNW of Hofn - Iceland
555,2014-11-20T20:28:38.390Z,64.5077,-17.7921,7.99,4.6,127km WNW of Hofn - Iceland
556,2014-11-20T16:47:15.600Z,64.6384,-17.8055,7.91,4.4,117km S of Akureyri - Iceland
557,2014-11-20T07:48:31.860Z,64.6346,-17.4835,10,4.2,117km WNW of Hofn - Iceland
558,2014-11-20T07:44:17.320Z,64.6213,-17.6786,7.66,4.4,119km S of Akureyri - Iceland
559,2014-11-20T00:26:10.340Z,64.5858,-17.619,8.88,4.5,121km WNW of Hofn - Iceland
560,2014-11-19T22:43:19.430Z,64.3844,-17.5831,7.66,4.4,115km W of Hofn - Iceland
561,2014-11-19T21:01:58.600Z,64.5732,-17.7396,7.04,4.4,124km S of Akureyri - Iceland
562,2014-11-19T20:45:13.530Z,70.8555,-6.0311,11.15,4.5,98km E of Olonkinbyen - Svalbard and Jan Mayen
563,2014-11-19T12:24:29.970Z,64.5257,-17.2173,8.43,4.4,101km WNW of Hofn - Iceland
564,2014-11-19T00:37:27.520Z,38.6514,23.4342,10,4.5,10km SSW of Prokopion - Greece
565,2014-11-19T00:29:38.480Z,64.5255,-17.7383,8.03,4.4,125km WNW of Hofn - Iceland
566,2014-11-19T00:27:05.610Z,64.6698,-17.844,10,4.2,113km S of Akureyri - Iceland
567,2014-11-18T18:26:29.080Z,64.5948,-17.4481,14.98,4.6,114km WNW of Hofn - Iceland
568,2014-11-18T18:21:37.860Z,64.5939,-17.6374,6.37,4.3,123km S of Akureyri - Iceland
569,2014-11-18T16:43:37.440Z,37.7329,21.3352,10,4.3,3km S of Kardamas - Greece
570,2014-11-18T09:35:26.040Z,64.5446,-17.641,7.17,4.5,121km WNW of Hofn - Iceland
571,2014-11-18T03:18:45.300Z,64.5136,-17.8163,8.01,4.6,129km WNW of Hofn - Iceland
572,2014-11-18T00:54:00.480Z,38.6624,23.4053,10.74,4.2,10km SW of Prokopion - Greece
573,2014-11-17T23:13:30.100Z,38.6258,23.4218,7.3,4.1,11km WNW of Politika - Greece
574,2014-11-17T23:09:04.450Z,38.6802,23.3105,10,5.1,9km NE of Malesina - Greece
575,2014-11-17T23:05:58.440Z,38.6709,23.3782,23.29,5.4,11km SSE of Limni - Greece
576,2014-11-17T08:47:56.140Z,64.5034,-17.58,7.61,4.3,117km WNW of Hofn - Iceland
577,2014-11-17T01:26:13.420Z,64.5224,-17.6967,7.54,4.5,123km WNW of Hofn - Iceland
578,2014-11-17T00:38:51.500Z,64.351,-17.9054,8.01,4.2,117km NNE of Vik - Iceland
579,2014-11-16T16:37:56.730Z,37.8237,29.4214,4.88,4.2,15km ENE of Honaz - Turkey
580,2014-11-16T16:05:12.550Z,64.531,-17.8288,8.29,4.4,129km S of Akureyri - Iceland
581,2014-11-16T10:18:39.390Z,64.4368,-17.8506,8.21,4.4,127km NNE of Vik - Iceland
582,2014-11-16T01:37:16.210Z,64.5968,-17.6776,5.7,5.3,122km S of Akureyri - Iceland
583,2014-11-15T20:23:29.810Z,36.444,28.8307,5,4.3,31km WSW of OEluedeniz - Turkey
584,2014-11-15T18:21:04.650Z,64.5184,-17.738,4.63,4.5,125km WNW of Hofn - Iceland
585,2014-11-15T16:22:06.600Z,64.6376,-17.8829,10,4.3,117km S of Akureyri - Iceland
586,2014-11-15T10:09:49.050Z,64.5536,-17.6952,7.94,4.5,124km WNW of Hofn - Iceland
587,2014-11-15T01:13:01.320Z,36.4023,3.4436,10,4.2,22km SW of Lakhdaria - Algeria
588,2014-11-15T01:04:45.580Z,64.4459,-18.1663,10,4.1,122km NNE of Vik - Iceland
589,2014-11-14T11:25:49.780Z,64.5389,-17.2727,7.7,5.2,104km WNW of Hofn - Iceland
590,2014-11-14T08:10:31.070Z,64.5148,-17.8188,9.65,4.7,129km WNW of Hofn - Iceland
591,2014-11-14T08:06:49.100Z,64.5411,-17.8023,8.16,4.3,128km S of Akureyri - Iceland
592,2014-11-13T23:08:49.910Z,64.6402,-17.4989,11.04,4.6,118km WNW of Hofn - Iceland
593,2014-11-13T20:46:20.180Z,64.6165,-17.9692,10,4.5,119km S of Akureyri - Iceland
594,2014-11-13T16:50:24.510Z,64.4456,-17.686,7.98,4.3,121km WNW of Hofn - Iceland
595,2014-11-13T09:37:52.920Z,38.3817,20.4928,16,4.4,19km W of Ithaki - Greece
596,2014-11-13T08:26:50.330Z,64.6353,-17.6366,5.82,4.3,118km S of Akureyri - Iceland
597,2014-11-13T01:18:30.530Z,64.631,-17.9095,8.08,4.7,117km S of Akureyri - Iceland
598,2014-11-12T21:48:25.490Z,64.4683,-17.7081,7.41,4.5,123km WNW of Hofn - Iceland
599,2014-11-12T21:42:29.990Z,64.6362,-17.757,7.58,4.4,117km S of Akureyri - Iceland
600,2014-11-12T21:14:30.730Z,64.4202,-17.5814,6.45,4.5,116km W of Hofn - Iceland
601,2014-11-12T16:25:34.400Z,35.93,31.48,14,4.3,80km SSW of Avsallar - Turkey
602,2014-11-12T12:38:48.380Z,64.5446,-17.7921,7.46,4.3,127km S of Akureyri - Iceland
603,2014-11-12T11:49:23.940Z,64.4895,-17.8029,7.96,4.2,127km WNW of Hofn - Iceland
604,2014-11-12T06:31:37.530Z,38.2938,20.4572,13,4.4,10km NNE of Lixourion - Greece
605,2014-11-11T19:54:46.640Z,64.46,-17.7569,4.26,4.4,125km WNW of Hofn - Iceland
606,2014-11-11T19:39:49.190Z,64.6479,-17.7753,6.57,4.4,116km S of Akureyri - Iceland
607,2014-11-11T12:25:40.060Z,64.6099,-17.546,8.01,4.4,119km WNW of Hofn - Iceland
608,2014-11-11T04:46:14.230Z,37.1435,28.7455,6.9,4.2,29km E of Ula - Turkey
609,2014-11-11T03:39:53.120Z,64.6132,-17.7399,7.19,4.5,120km S of Akureyri - Iceland
610,2014-11-11T01:49:52.580Z,64.5681,-17.587,8.7,4.6,119km WNW of Hofn - Iceland
611,2014-11-10T22:40:02.790Z,64.6504,-17.7836,8.74,4.8,116km S of Akureyri - Iceland
612,2014-11-10T20:48:16.900Z,39.31,19.41,1,4.4,44km WSW of Agios Matthaios - Greece
613,2014-11-10T16:36:16.780Z,64.5534,-17.7133,7.83,4.3,125km WNW of Hofn - Iceland
614,2014-11-10T09:20:44.020Z,37.0772,28.6937,7,4.4,24km E of Ula - Turkey
615,2014-11-10T06:21:02.830Z,64.5321,-17.5828,8.08,4.2,118km WNW of Hofn - Iceland
616,2014-11-10T06:16:40.460Z,37.138,28.785,12.9,4.8,32km E of Ula - Turkey
617,2014-11-09T23:24:36.100Z,34.68,26.58,10,4.6,65km SSE of Palaikastron - Greece
618,2014-11-09T21:19:41.230Z,64.5557,-17.4654,7.4,5.4,113km WNW of Hofn - Iceland
619,2014-11-09T20:50:44.930Z,64.7093,-17.6542,7.5,4.7,110km S of Akureyri - Iceland
620,2014-11-09T20:06:39.090Z,64.6129,-17.7573,7.98,4.5,120km S of Akureyri - Iceland
621,2014-11-09T17:09:33.920Z,64.5935,-17.8263,8.17,4.5,122km S of Akureyri - Iceland
622,2014-11-09T06:27:13.080Z,64.5343,-17.6835,7.48,4,123km WNW of Hofn - Iceland
623,2014-11-09T04:22:04.350Z,64.5374,-17.6007,7.75,4.4,119km WNW of Hofn - Iceland
624,2014-11-08T23:15:42.200Z,38.1,20.44,18,5.1,9km SSW of Argostolion - Greece
625,2014-11-08T21:14:27.740Z,64.6533,-17.3271,8.14,4.6,111km WNW of Hofn - Iceland
626,2014-11-08T18:58:05.950Z,64.6177,-17.6772,7.5,4.4,120km S of Akureyri - Iceland
627,2014-11-08T13:14:32.250Z,64.721,-18.778,10.45,4.5,112km SSW of Akureyri - Iceland
628,2014-11-08T08:31:32.100Z,64.6189,-17.5446,7.6,4.3,119km WNW of Hofn - Iceland
629,2014-11-08T00:56:32.470Z,64.5698,-17.6853,8.21,4.5,124km WNW of Hofn - Iceland
630,2014-11-07T22:04:35.880Z,64.5946,-17.7551,6.86,4.5,122km S of Akureyri - Iceland
631,2014-11-07T17:13:00.640Z,38.3544,22.2658,5.81,4.9,15km WSW of Itea - Greece
632,2014-11-07T14:40:52.600Z,64.4748,-17.1806,9.82,4.4,98km WNW of Hofn - Iceland
633,2014-11-07T14:21:56.770Z,64.4427,-17.8069,8,4.3,127km W of Hofn - Iceland
634,2014-11-07T07:53:57.700Z,38.1,20.45,17,4,9km SSW of Argostolion - Greece
635,2014-11-07T07:41:38.300Z,38.1,20.44,18,5.1,9km SSW of Argostolion - Greece
636,2014-11-07T07:11:23.540Z,64.5865,-17.5343,8.01,5.2,118km WNW of Hofn - Iceland
637,2014-11-07T02:38:03.410Z,64.5284,-17.7126,7.97,4.4,124km WNW of Hofn - Iceland
638,2014-11-06T20:24:46.990Z,64.5106,-17.8232,7.02,4.5,129km WNW of Hofn - Iceland
639,2014-11-06T18:26:32.890Z,64.6189,-17.3218,7.3,4.7,109km WNW of Hofn - Iceland
640,2014-11-06T10:13:39.950Z,64.4618,-17.7044,10,4.5,122km WNW of Hofn - Iceland
641,2014-11-06T08:44:59.030Z,64.5272,-17.6482,5.98,4.3,121km WNW of Hofn - Iceland
642,2014-11-06T00:18:55.750Z,64.569,-17.7856,6.73,4.3,125km S of Akureyri - Iceland
643,2014-11-05T20:51:40.400Z,39.14,24.2,12,4.4,28km E of Patitirion - Greece
644,2014-11-05T18:19:46.250Z,64.5449,-17.6162,7.65,4.5,120km WNW of Hofn - Iceland
645,2014-11-05T16:29:33.340Z,64.5455,-17.7512,7.23,4.5,126km WNW of Hofn - Iceland
646,2014-11-05T14:22:26.310Z,37.9566,20.2917,38.9,4.3,29km SSW of Lixourion - Greece
647,2014-11-05T14:02:14.110Z,64.5591,-17.6301,10.96,4.4,121km WNW of Hofn - Iceland
648,2014-11-05T14:01:29.290Z,64.4491,-17.6581,7.97,4.6,120km WNW of Hofn - Iceland
649,2014-11-05T03:24:00.190Z,64.6811,-17.7716,8.2,4.5,112km S of Akureyri - Iceland
650,2014-11-04T23:21:23.680Z,64.6157,-17.7983,9.42,4.7,119km S of Akureyri - Iceland
651,2014-11-04T21:00:34.050Z,64.5613,-17.5314,8.07,4.6,117km WNW of Hofn - Iceland
652,2014-11-04T20:50:59.300Z,64.5805,-17.5103,7.64,4.5,116km WNW of Hofn - Iceland
653,2014-11-04T20:45:28.980Z,64.5411,-17.5898,7.79,4.7,119km WNW of Hofn - Iceland
654,2014-11-04T12:33:49.490Z,71.7097,-1.6632,10,4.8,267km ENE of Olonkinbyen - Svalbard and Jan Mayen
655,2014-11-04T11:20:04.130Z,64.5152,-17.7487,6.85,4.4,126km WNW of Hofn - Iceland
656,2014-11-04T08:49:04.500Z,64.4745,-17.5477,7.88,4.4,115km WNW of Hofn - Iceland
657,2014-11-03T21:49:29.560Z,64.5535,-17.6572,9.64,4.7,122km WNW of Hofn - Iceland
658,2014-11-03T18:06:47.970Z,64.7115,-17.688,10,4.4,109km S of Akureyri - Iceland
659,2014-11-03T13:09:59.050Z,45.5715,26.4019,118.7,4.3,9km N of Gura Teghii - Romania
660,2014-11-03T05:41:29.550Z,64.6475,-17.547,7.58,4.7,118km SSE of Akureyri - Iceland
661,2014-11-03T03:39:39.000Z,34.8594,-11.399,19.99,4.6,Madeira Islands - Portugal region
662,2014-11-03T01:19:26.440Z,36.8762,21.4224,39.67,4,24km W of Pylos - Greece
663,2014-11-03T00:46:40.490Z,64.2024,-17.716,6.9,4.4,108km NE of Vik - Iceland
664,2014-11-02T18:32:06.920Z,35.7398,-4.4709,111.35,4.1,65km ENE of Oued Laou - Morocco
665,2014-11-02T17:39:01.340Z,64.328,-17.9496,8.77,4.1,114km NNE of Vik - Iceland
666,2014-11-02T16:10:36.400Z,64.618,-17.7032,7.36,4.2,120km S of Akureyri - Iceland
667,2014-11-02T16:05:46.130Z,64.5674,-17.0651,10,5.4,96km WNW of Hofn - Iceland
668,2014-11-02T16:03:53.340Z,64.5536,-17.6531,7.96,4.2,122km WNW of Hofn - Iceland
669,2014-11-02T11:12:13.280Z,64.5903,-17.7552,8.04,4.4,122km S of Akureyri - Iceland
670,2014-11-02T03:28:30.060Z,34.4728,23.3729,41.45,4,89km SSW of Palaiochora - Greece
671,2014-11-02T00:27:04.260Z,64.6013,-17.6938,6.86,4.4,122km S of Akureyri - Iceland
672,2014-11-01T15:42:41.870Z,64.6353,-17.6826,6.98,4.3,118km S of Akureyri - Iceland
673,2014-11-01T14:01:13.850Z,64.3816,-17.6668,7.44,4.3,119km W of Hofn - Iceland
674,2014-11-01T05:59:13.340Z,64.6342,-17.7241,7.66,4.4,118km S of Akureyri - Iceland
675,2014-10-31T23:00:04.000Z,45.1647,22.2912,4.1,4.1,1km NNE of Teregova - Romania
676,2014-10-31T21:32:26.100Z,64.621,-17.777,10.4,5,119km S of Akureyri - Iceland
677,2014-10-31T19:11:47.180Z,64.5784,-17.3611,7.7,4.6,109km WNW of Hofn - Iceland
678,2014-10-31T18:57:12.820Z,64.5639,-17.6154,11.62,4.6,121km WNW of Hofn - Iceland
679,2014-10-31T08:03:53.910Z,64.4524,-17.9631,7.78,4.4,126km NNE of Vik - Iceland
680,2014-10-31T01:30:38.970Z,64.76,-17.2373,5.37,5.2,110km SSE of Akureyri - Iceland
681,2014-10-30T19:23:27.590Z,64.439,-17.6507,10,4.3,119km W of Hofn - Iceland
682,2014-10-30T19:21:51.810Z,64.5198,-17.6586,8.99,4.6,121km WNW of Hofn - Iceland
683,2014-10-30T09:44:01.610Z,64.6106,-17.5801,10,4.6,120km WNW of Hofn - Iceland
684,2014-10-30T05:23:21.260Z,64.5652,-17.3121,8.71,4.5,107km WNW of Hofn - Iceland
685,2014-10-30T02:08:02.740Z,64.5099,-17.8178,8.09,4.3,129km WNW of Hofn - Iceland
686,2014-10-29T16:09:22.870Z,64.62,-17.4682,10,4.6,116km WNW of Hofn - Iceland
687,2014-10-29T05:23:39.570Z,64.5663,-17.5976,10,4.7,120km WNW of Hofn - Iceland
688,2014-10-29T02:29:25.150Z,64.7014,-17.1822,8.02,4.5,107km WNW of Hofn - Iceland
689,2014-10-28T18:48:16.180Z,64.4737,-17.653,6.01,4.6,120km WNW of Hofn - Iceland
690,2014-10-28T13:01:53.570Z,64.4807,-17.4382,8.34,4.4,110km WNW of Hofn - Iceland
691,2014-10-28T09:37:30.990Z,64.5236,-17.6013,4.53,4.4,119km WNW of Hofn - Iceland
692,2014-10-28T09:32:57.530Z,39.104,22.369,87.7,4.5,6km ESE of Domokos - Greece
693,2014-10-28T06:05:01.000Z,64.6061,-17.5504,8.22,4.7,119km WNW of Hofn - Iceland
694,2014-10-28T04:54:52.300Z,64.5699,-17.5952,7.9,4.8,120km WNW of Hofn - Iceland
695,2014-10-28T02:12:29.760Z,64.5387,-17.7199,8.46,4.3,125km WNW of Hofn - Iceland
696,2014-10-27T17:36:06.560Z,64.5531,-17.7758,10,4.6,126km S of Akureyri - Iceland
697,2014-10-27T05:48:20.620Z,64.6267,-17.6536,10,4.1,119km S of Akureyri - Iceland
698,2014-10-27T01:05:19.020Z,64.5097,-17.8011,9.5,4.8,128km WNW of Hofn - Iceland
699,2014-10-26T17:34:59.330Z,64.4137,-17.7714,8.33,4.3,125km W of Hofn - Iceland
700,2014-10-26T05:54:47.810Z,64.5311,-17.324,8.01,5.3,106km WNW of Hofn - Iceland
701,2014-10-26T03:53:10.180Z,51.5543,16.0681,2.08,4.1,5km N of Polkowice - Poland
702,2014-10-26T00:30:51.300Z,34.38,24.98,32,4.4,70km SSW of Pirgos - Greece
703,2014-10-25T23:56:54.480Z,64.4639,-17.9895,5,4.1,127km NNE of Vik - Iceland
704,2014-10-25T23:55:34.110Z,64.6516,-17.5814,8.88,4.6,117km SSE of Akureyri - Iceland
705,2014-10-25T17:39:50.880Z,64.6949,-17.2409,7.76,4.6,109km WNW of Hofn - Iceland
706,2014-10-25T12:10:36.000Z,64.6077,-17.4497,10.88,4.6,114km WNW of Hofn - Iceland
707,2014-10-25T02:58:31.030Z,64.4771,-17.736,8.1,4.3,124km WNW of Hofn - Iceland
708,2014-10-25T01:48:38.110Z,64.4457,-17.6238,7.11,5,118km WNW of Hofn - Iceland
709,2014-10-24T23:43:15.500Z,38.9193,21.1252,0.1,5.3,6km SW of Krikellos - Greece
710,2014-10-24T13:58:06.840Z,64.4885,-17.809,8.1,4.2,128km WNW of Hofn - Iceland
711,2014-10-24T10:24:02.370Z,64.6567,-17.2531,9.34,4.8,108km WNW of Hofn - Iceland
712,2014-10-24T10:20:42.740Z,64.6004,-17.4908,6.82,4.6,116km WNW of Hofn - Iceland
713,2014-10-23T23:27:18.740Z,64.6808,-17.4298,7.71,4.6,115km SSE of Akureyri - Iceland
714,2014-10-23T13:07:09.210Z,64.5792,-17.6296,10,4.5,122km WNW of Hofn - Iceland
715,2014-10-23T09:48:45.770Z,64.6094,-17.5571,10,4.5,119km WNW of Hofn - Iceland
716,2014-10-23T06:27:02.150Z,64.5605,-17.4836,10,4.6,114km WNW of Hofn - Iceland
717,2014-10-23T02:05:51.000Z,36.7833,-9.6333,22,4,66km WSW of Sagres - Portugal
718,2014-10-23T01:37:00.410Z,64.6505,-17.5417,7.53,4.6,117km SSE of Akureyri - Iceland
719,2014-10-22T20:49:21.680Z,64.4935,-17.6281,7.84,4.5,119km WNW of Hofn - Iceland
720,2014-10-22T17:11:05.620Z,40.4047,30.1188,7.6,4.3,10km ENE of Osmaneli - Turkey
721,2014-10-22T13:21:33.260Z,64.6173,-17.5611,7.76,4.6,120km WNW of Hofn - Iceland
722,2014-10-22T09:11:51.820Z,64.6358,-17.3935,9.33,4.7,113km WNW of Hofn - Iceland
723,2014-10-22T05:24:26.660Z,64.5398,-17.7306,10,4.7,125km WNW of Hofn - Iceland
724,2014-10-22T03:33:30.060Z,64.7254,-17.7532,7.93,4.5,107km S of Akureyri - Iceland
725,2014-10-21T19:50:34.530Z,64.5596,-17.8833,6.92,4.6,125km S of Akureyri - Iceland
726,2014-10-21T08:36:40.480Z,64.5169,-17.1099,10,5.2,96km WNW of Hofn - Iceland
727,2014-10-21T08:34:49.860Z,64.6136,-17.4419,7.78,4.6,114km WNW of Hofn - Iceland
728,2014-10-20T22:18:24.960Z,64.5859,-17.6962,7.66,4.5,123km S of Akureyri - Iceland
729,2014-10-20T21:54:00.620Z,35.8358,30.9485,9.1,4,79km SE of Beykonak - Turkey
730,2014-10-20T13:31:10.120Z,64.5882,-17.2396,7.61,4.6,104km WNW of Hofn - Iceland
731,2014-10-20T13:27:58.950Z,64.6106,-17.4693,8,4.6,115km WNW of Hofn - Iceland
732,2014-10-20T08:54:40.360Z,64.6648,-17.5866,10,4.6,115km SSE of Akureyri - Iceland
733,2014-10-20T05:21:25.630Z,64.5753,-17.4201,10,4.3,112km WNW of Hofn - Iceland
734,2014-10-20T01:00:26.210Z,64.5855,-17.4443,8.45,4.6,113km WNW of Hofn - Iceland
735,2014-10-19T20:07:34.490Z,64.6124,-17.7756,14.49,4.4,120km S of Akureyri - Iceland
736,2014-10-19T13:31:53.100Z,64.6331,-17.4816,9.11,4.5,117km WNW of Hofn - Iceland
737,2014-10-19T09:47:39.620Z,64.4404,-17.2968,5.72,4,103km WNW of Hofn - Iceland
738,2014-10-19T03:22:08.730Z,64.6995,-17.4465,5.79,4.8,113km SSE of Akureyri - Iceland
739,2014-10-18T23:04:05.690Z,64.5375,-17.8175,8.64,4.4,128km S of Akureyri - Iceland
740,2014-10-18T20:17:07.010Z,64.5794,-17.6024,7.21,4.5,120km WNW of Hofn - Iceland
741,2014-10-18T13:41:32.880Z,35.8296,30.999,10,4,83km SE of Beykonak - Turkey
742,2014-10-18T09:40:13.680Z,64.7254,-17.2768,8.8,5.3,112km WNW of Hofn - Iceland
743,2014-10-18T00:11:20.540Z,64.6177,-17.6449,6.5,4.6,120km S of Akureyri - Iceland
744,2014-10-17T12:30:47.100Z,64.6273,-17.6541,6.98,4.3,119km S of Akureyri - Iceland
745,2014-10-17T10:09:50.370Z,64.6003,-17.5397,7.29,4.6,118km WNW of Hofn - Iceland
746,2014-10-17T01:58:55.580Z,64.6369,-17.2366,8.26,4.5,106km WNW of Hofn - Iceland
747,2014-10-16T22:43:40.050Z,62.0823,2.1902,12.22,4.1,153km W of Maloy - Norway
748,2014-10-16T21:25:04.150Z,64.4803,-17.8386,6.91,4.6,129km WNW of Hofn - Iceland
749,2014-10-16T17:59:52.700Z,37.8798,21.44,21.8,4.6,5km ENE of Sinoikismos Khavarion - Greece
750,2014-10-16T16:10:37.380Z,64.6624,-17.5007,7.57,4.6,117km SSE of Akureyri - Iceland
751,2014-10-16T12:40:07.010Z,35.8935,31.0187,1,4,80km SE of Beykonak - Turkey
752,2014-10-16T06:48:28.080Z,35.6487,26.5797,65,4.6,58km NNE of Palaikastron - Greece
753,2014-10-16T06:10:35.560Z,35.9132,30.9895,6.9,4,76km SE of Beykonak - Turkey
754,2014-10-16T03:14:59.200Z,64.6175,-17.5353,7.72,4.7,119km WNW of Hofn - Iceland
755,2014-10-15T11:16:33.900Z,64.4814,-18.0043,10,5.5,128km NNE of Vik - Iceland
756,2014-10-14T21:56:56.340Z,64.6338,-17.4853,8.1,4.6,117km WNW of Hofn - Iceland
757,2014-10-14T18:51:17.870Z,64.6479,-17.5133,9,4.7,118km SSE of Akureyri - Iceland
758,2014-10-14T13:03:35.260Z,64.6289,-17.5042,8.33,4.6,118km WNW of Hofn - Iceland
759,2014-10-14T06:41:30.790Z,64.4883,-17.8712,10,4.5,131km WNW of Hofn - Iceland
760,2014-10-14T01:10:12.250Z,64.6879,-17.5508,7.18,4.7,113km SSE of Akureyri - Iceland
761,2014-10-13T19:00:17.510Z,64.648,-17.5143,10,4.7,118km SSE of Akureyri - Iceland
762,2014-10-13T16:15:01.390Z,64.5621,-17.8399,10,4.5,125km S of Akureyri - Iceland
763,2014-10-13T09:26:48.400Z,64.3668,-17.6107,10,4.3,116km W of Hofn - Iceland
764,2014-10-13T09:16:50.090Z,64.6412,-17.4395,10,4.6,115km WNW of Hofn - Iceland
765,2014-10-12T21:23:16.090Z,64.5756,-17.764,7.73,4.8,124km S of Akureyri - Iceland
766,2014-10-12T20:59:12.750Z,35.5532,21.6007,25.77,4.7,140km S of Methoni - Greece
767,2014-10-12T10:07:22.510Z,64.6064,-17.5819,10,4.6,120km WNW of Hofn - Iceland
768,2014-10-12T08:43:44.090Z,64.533,-17.6572,10,5.1,122km WNW of Hofn - Iceland
769,2014-10-11T19:35:56.130Z,64.3551,-17.9128,7.28,4.3,117km NNE of Vik - Iceland
770,2014-10-11T19:34:01.670Z,64.5703,-17.5229,9.2,4.5,117km WNW of Hofn - Iceland
771,2014-10-11T11:30:19.660Z,64.6752,-17.405,8.01,4.7,115km WNW of Hofn - Iceland
772,2014-10-10T23:51:19.910Z,64.6186,-17.5864,8.86,4.5,121km SSE of Akureyri - Iceland
773,2014-10-10T21:04:58.280Z,64.6431,-17.6189,8.96,4.7,118km S of Akureyri - Iceland
774,2014-10-10T11:26:10.380Z,64.7719,-17.5737,7.99,4.8,104km SSE of Akureyri - Iceland
775,2014-10-10T02:24:37.540Z,64.5691,-17.593,6.45,4.5,120km WNW of Hofn - Iceland
776,2014-10-09T21:22:13.360Z,64.6209,-17.479,8.92,4.7,116km WNW of Hofn - Iceland
777,2014-10-09T20:21:12.770Z,34.9249,-4.4305,18.67,4.4,10km W of Targuist - Morocco
778,2014-10-09T19:13:16.850Z,64.5106,-17.9455,10,4.6,130km S of Akureyri - Iceland
779,2014-10-09T04:37:19.310Z,64.5598,-17.5741,7.71,4.8,119km WNW of Hofn - Iceland
780,2014-10-08T18:48:59.380Z,64.6032,-17.8498,7.87,4.6,120km S of Akureyri - Iceland
781,2014-10-08T15:24:16.530Z,64.6021,-17.4972,8.63,4.6,116km WNW of Hofn - Iceland
782,2014-10-07T10:22:30.750Z,64.5298,-17.1994,4,5.5,100km WNW of Hofn - Iceland
783,2014-10-07T03:51:38.190Z,64.6614,-17.8463,7.7,4.7,114km S of Akureyri - Iceland
784,2014-10-07T01:19:06.300Z,37.89,21.43,27,4.2,6km NE of Sinoikismos Khavarion - Greece
785,2014-10-07T00:33:49.870Z,64.6097,-17.646,7.41,4.4,121km S of Akureyri - Iceland
786,2014-10-06T19:03:36.860Z,64.6181,-17.4453,8.2,4.6,115km WNW of Hofn - Iceland
787,2014-10-06T18:08:01.900Z,35.0675,26.5217,0,4.4,28km ESE of Palaikastron - Greece
788,2014-10-06T15:07:32.250Z,64.5494,-17.7548,7.98,4.5,127km S of Akureyri - Iceland
789,2014-10-06T11:04:07.110Z,64.6403,-17.4566,10,4.6,116km WNW of Hofn - Iceland
790,2014-10-05T16:58:58.180Z,64.5896,-17.3642,10.74,4.9,110km WNW of Hofn - Iceland
791,2014-10-05T11:14:27.770Z,64.5776,-17.5548,9.43,4.5,118km WNW of Hofn - Iceland
792,2014-10-05T03:54:56.260Z,64.6042,-17.5755,7.07,4.4,120km WNW of Hofn - Iceland
793,2014-10-04T18:55:09.730Z,64.6536,-17.5307,8.61,4.8,117km SSE of Akureyri - Iceland
794,2014-10-04T12:27:56.040Z,35.1004,26.2324,60.7,4.9,11km S of Palaikastron - Greece
795,2014-10-04T12:05:22.630Z,64.6203,-17.5307,9.16,4.9,119km WNW of Hofn - Iceland
796,2014-10-04T06:40:34.000Z,36.3365,29.1278,20.5,4.1,25km S of OEluedeniz - Turkey
797,2014-10-04T05:57:01.480Z,64.5313,-17.7787,8.35,4.6,127km WNW of Hofn - Iceland
798,2014-10-04T05:23:50.100Z,34.29,25.06,21,4.4,79km S of Pirgos - Greece
799,2014-10-04T02:24:33.670Z,64.362,-17.744,8.01,4.7,122km NNE of Vik - Iceland
800,2014-10-04T00:12:01.790Z,37.3889,22.2035,10,4.3,5km ESE of Megalopolis - Greece
801,2014-10-03T22:20:45.530Z,34.4354,26.3013,15.49,5.1,74km SSE of Makry Gialos - Greece
802,2014-10-03T22:02:47.920Z,64.3133,-18.2422,15.07,4.5,106km NNE of Vik - Iceland
803,2014-10-03T18:49:32.690Z,64.6788,-17.5131,7.63,4.5,115km SSE of Akureyri - Iceland
804,2014-10-03T15:12:11.700Z,37.9353,21.7652,17.5,4.7,17km SE of Kato Mazarakion - Greece
805,2014-10-03T12:42:54.700Z,64.6141,-17.5472,10,4.7,119km WNW of Hofn - Iceland
806,2014-10-03T01:41:37.550Z,64.6103,-17.5157,10,4.8,118km WNW of Hofn - Iceland
807,2014-10-02T20:08:34.140Z,64.4168,-18.1164,10,4.4,119km NNE of Vik - Iceland
808,2014-10-02T15:51:59.460Z,35.9136,26.9859,27.99,4.4,49km NNW of Karpathos - Greece
809,2014-10-02T13:27:48.810Z,64.4518,-17.8099,9.18,4.5,127km W of Hofn - Iceland
810,2014-10-02T12:06:28.180Z,35.9958,27.0292,33,4.4,56km NNW of Karpathos - Greece
811,2014-10-02T06:39:35.110Z,64.634,-17.4635,7.5,4.6,116km WNW of Hofn - Iceland
812,2014-10-02T00:37:01.600Z,64.5978,-17.6197,8.27,4.9,122km WNW of Hofn - Iceland
813,2014-10-01T17:59:53.890Z,64.6446,-17.5005,8.6,4.6,118km WNW of Hofn - Iceland
814,2014-10-01T09:19:59.260Z,64.53,-17.9574,8.06,4.4,128km S of Akureyri - Iceland
815,2014-10-01T07:16:32.020Z,36.9368,29.4619,21.04,4.1,10km SW of Altinyayla - Turkey
816,2014-10-01T02:44:47.560Z,64.5609,-17.7804,7.94,4.6,125km S of Akureyri - Iceland
817,2014-09-30T22:16:33.200Z,35.15,27.13,21,4.3,40km S of Karpathos - Greece
818,2014-09-30T19:24:49.340Z,64.5568,-17.3687,8.44,4.6,109km WNW of Hofn - Iceland
819,2014-09-30T15:12:40.020Z,43.0647,18.2413,4,4.4,17km NE of Ljubinje - Bosnia and Herzegovina
820,2014-09-30T14:53:20.350Z,64.5774,-17.882,8.87,4.6,123km S of Akureyri - Iceland
821,2014-09-30T07:57:57.870Z,64.4994,-17.8963,6.08,4.5,132km S of Akureyri - Iceland
822,2014-09-29T13:43:01.660Z,64.5075,-17.315,10,5.6,105km WNW of Hofn - Iceland
823,2014-09-29T10:37:17.170Z,64.6526,-17.7331,6.93,4.1,116km S of Akureyri - Iceland
824,2014-09-29T08:15:08.040Z,39.335,24.026,15.1,4.5,24km NNE of Patitirion - Greece
825,2014-09-29T03:52:13.990Z,64.6666,-17.4701,8.21,4.8,117km SSE of Akureyri - Iceland
826,2014-09-28T16:57:16.940Z,70.7388,-14.424,12.98,4.1,210km W of Olonkinbyen - Svalbard and Jan Mayen
827,2014-09-28T12:34:18.400Z,64.6353,-17.6219,9.56,4.7,118km S of Akureyri - Iceland
828,2014-09-28T04:51:18.890Z,71.3227,-5.5016,10,4.3,124km ENE of Olonkinbyen - Svalbard and Jan Mayen
829,2014-09-27T19:31:47.600Z,64.6287,-17.5641,7.62,4.8,120km SSE of Akureyri - Iceland
830,2014-09-27T08:11:05.870Z,64.6071,-17.5876,5.21,4.4,121km WNW of Hofn - Iceland
831,2014-09-27T02:00:16.290Z,64.5888,-17.815,10,4.8,122km S of Akureyri - Iceland
832,2014-09-26T23:38:09.520Z,36.7979,16.5232,17.04,4.1,115km ESE of Siracusa - Italy
833,2014-09-26T19:26:24.130Z,34.169,25.0273,14.38,4.4,92km S of Pirgos - Greece
834,2014-09-26T18:54:56.940Z,64.5735,-17.6526,7.39,4.2,123km WNW of Hofn - Iceland
835,2014-09-26T16:49:30.730Z,64.5604,-17.4878,11.05,4.9,115km WNW of Hofn - Iceland
836,2014-09-26T07:51:19.700Z,34.19,25.03,22,4.5,90km S of Pirgos - Greece
837,2014-09-26T04:33:34.400Z,38.36,22.03,5,4.3,7km NNE of Kamarai - Greece
838,2014-09-25T19:55:24.390Z,64.5572,-17.8578,10,4.3,126km S of Akureyri - Iceland
839,2014-09-25T16:35:18.850Z,64.6038,-17.4272,9.29,4.7,113km WNW of Hofn - Iceland
840,2014-09-25T05:16:11.790Z,64.5817,-17.6649,7.98,4.3,123km WNW of Hofn - Iceland
841,2014-09-25T05:00:06.780Z,64.5055,-17.5066,8.9,5.2,114km WNW of Hofn - Iceland
842,2014-09-25T02:04:24.000Z,38.35,21.8,18,4.3,5km SSW of Nafpaktos - Greece
843,2014-09-24T22:35:35.200Z,64.6342,-17.5823,10.07,4.9,119km SSE of Akureyri - Iceland
844,2014-09-24T08:14:38.720Z,64.653,-17.5125,10,4.9,118km SSE of Akureyri - Iceland
845,2014-09-23T13:44:25.850Z,64.6788,-17.5391,8.41,4.4,114km SSE of Akureyri - Iceland
846,2014-09-23T04:33:59.300Z,64.8846,-17.5047,8.89,5.1,93km SSE of Akureyri - Iceland
847,2014-09-22T18:45:48.120Z,64.6235,-17.8436,10,4.3,118km S of Akureyri - Iceland
848,2014-09-22T13:36:04.490Z,64.5887,-17.7522,8.32,4.4,123km S of Akureyri - Iceland
849,2014-09-22T09:51:53.670Z,64.4807,-17.6938,10,4.6,122km WNW of Hofn - Iceland
850,2014-09-22T07:25:36.970Z,35.3715,35.6011,10,4.1,22km SW of Latakia - Syria
851,2014-09-21T10:51:47.840Z,64.5212,-17.3866,5,5.4,109km WNW of Hofn - Iceland
852,2014-09-21T09:36:44.800Z,64.5983,-17.833,6.81,4.3,121km S of Akureyri - Iceland
853,2014-09-21T09:33:54.950Z,35.4159,23.3659,58.64,4.3,21km WSW of Platanos - Greece
854,2014-09-21T01:43:25.300Z,34.1445,25.0653,10,4.2,95km S of Pirgos - Greece
855,2014-09-21T01:13:27.000Z,38.373,21.814,9.7,4.4,2km SSW of Nafpaktos - Greece
856,2014-09-21T00:57:52.820Z,64.6819,-17.548,7.66,4.4,114km SSE of Akureyri - Iceland
857,2014-09-21T00:43:40.000Z,38.3508,21.8327,11.4,5,4km S of Nafpaktos - Greece
858,2014-09-20T18:23:44.270Z,35.711,29.9575,6.2,4.3,59km S of Demre - Turkey
859,2014-09-20T17:11:45.480Z,64.6444,-17.3839,10,4.8,113km WNW of Hofn - Iceland
860,2014-09-20T17:05:50.050Z,64.4381,-17.8341,7.64,4.3,127km NNE of Vik - Iceland
861,2014-09-20T01:10:14.340Z,64.6912,-17.2269,7.64,5,108km WNW of Hofn - Iceland
862,2014-09-19T15:35:08.760Z,38.3733,21.8195,18.1,4.5,2km SSW of Nafpaktos - Greece
863,2014-09-19T09:33:24.700Z,38.356,21.825,14.4,4.2,3km S of Nafpaktos - Greece
864,2014-09-18T21:43:35.520Z,64.5674,-17.7245,7.88,4.5,125km S of Akureyri - Iceland
865,2014-09-18T16:14:24.550Z,34.356,23.5078,24.9,4.1,98km S of Palaiochora - Greece
866,2014-09-18T14:21:48.920Z,64.6984,-17.162,6.89,5.3,106km WNW of Hofn - Iceland
867,2014-09-18T07:24:25.290Z,37.698,23.089,25.4,4.3,10km NNE of Ligourion - Greece
868,2014-09-18T03:17:10.630Z,64.7299,-17.7502,6.78,4.6,107km S of Akureyri - Iceland
869,2014-09-17T18:09:55.040Z,64.487,-17.8575,10,4.6,130km WNW of Hofn - Iceland
870,2014-09-17T12:33:22.700Z,40.78,21.26,17,4.6,12km W of Florina - Greece
871,2014-09-16T21:34:14.480Z,64.6493,-17.4933,5,5.1,118km SSE of Akureyri - Iceland
872,2014-09-16T14:48:00.560Z,64.5662,-17.515,8.83,4.6,116km WNW of Hofn - Iceland
873,2014-09-16T10:36:32.220Z,64.485,-17.9341,10,4,130km NNE of Vik - Iceland
874,2014-09-16T09:41:40.170Z,37.181,23.004,25.3,4.5,13km E of Leonidi - Greece
875,2014-09-15T13:08:00.880Z,61.5515,14.4391,15.84,4.6,41km NNE of AElvdalen - Sweden
876,2014-09-15T08:05:02.090Z,64.5728,-17.3974,10,5.5,111km WNW of Hofn - Iceland
877,2014-09-14T22:41:56.900Z,37.18,23.01,25,4.2,13km E of Leonidi - Greece
878,2014-09-14T16:33:33.110Z,35.6261,21.6287,34.34,4.6,132km S of Methoni - Greece
879,2014-09-14T16:04:55.550Z,34.0871,25.0723,10,4.1,101km S of Pirgos - Greece
880,2014-09-14T14:06:45.620Z,64.566,-17.6466,7.97,4.6,122km WNW of Hofn - Iceland
881,2014-09-14T06:54:03.920Z,64.3467,-17.9633,7.91,4.1,115km NNE of Vik - Iceland
882,2014-09-14T06:01:22.900Z,34.33,25.05,29,4.3,74km S of Pirgos - Greece
883,2014-09-13T07:58:17.640Z,64.6764,-17.4362,8.33,5,116km SSE of Akureyri - Iceland
884,2014-09-13T04:23:06.300Z,35.75,30.17,12,4.1,57km SSE of Demre - Turkey
885,2014-09-13T02:45:05.780Z,36.7717,21.1178,31.07,4.1,52km W of Methoni - Greece
886,2014-09-13T00:02:37.790Z,34.1673,25.0339,30.5,4,92km S of Pirgos - Greece
887,2014-09-12T23:58:58.120Z,64.6184,-17.6543,9.22,4.6,120km S of Akureyri - Iceland
888,2014-09-12T22:55:37.390Z,36.2452,30.9322,29,4.4,46km SE of Tekirova - Turkey
889,2014-09-12T21:56:49.770Z,34.5898,23.3328,40.03,4.4,78km SSW of Palaiochora - Greece
890,2014-09-12T09:32:58.510Z,64.6601,-17.5812,10,4.5,116km SSE of Akureyri - Iceland
891,2014-09-11T19:57:12.930Z,64.6308,-17.5574,10,5.1,119km SSE of Akureyri - Iceland
892,2014-09-11T14:23:23.320Z,64.5569,-17.8721,6.47,4.1,126km S of Akureyri - Iceland
893,2014-09-11T00:07:40.290Z,64.5326,-17.3433,7.56,5.3,107km WNW of Hofn - Iceland
894,2014-09-10T19:45:58.010Z,45.6066,26.526,107.3,4.7,14km NNW of Lopatari - Romania
895,2014-09-10T05:28:32.790Z,64.6756,-17.6123,10,4.9,114km SSE of Akureyri - Iceland
896,2014-09-09T11:24:53.000Z,38.921,20.784,25.3,4.3,4km SE of Preveza - Greece
897,2014-09-09T01:07:29.000Z,64.666,-17.374,7,5.2,113km WNW of Hofn - Iceland
898,2014-09-08T16:27:16.980Z,64.7667,-16.9932,9.14,4.2,103km NW of Hofn - Iceland
899,2014-09-08T14:47:59.970Z,64.7008,-17.58,7.59,4.6,112km SSE of Akureyri - Iceland
900,2014-09-08T11:46:21.890Z,36.5346,3.0628,13.94,4,1km WSW of Bougara - Algeria
901,2014-09-08T07:20:06.870Z,64.4575,-17.6073,10,4.5,118km WNW of Hofn - Iceland
902,2014-09-08T06:15:43.590Z,64.6935,-17.715,10,4.4,111km S of Akureyri - Iceland
903,2014-09-07T10:45:02.710Z,44.1401,10.76,12.5,4.4,4km N of Cutigliano - Italy
904,2014-09-07T09:56:24.990Z,37.6397,19.8964,9.92,4.6,78km SW of Lixourion - Greece
905,2014-09-07T07:07:59.750Z,64.5442,-17.395,4.98,5.5,110km WNW of Hofn - Iceland
906,2014-09-07T03:27:44.310Z,64.6767,-17.6381,10,4.3,114km S of Akureyri - Iceland
907,2014-09-06T14:32:15.300Z,64.4357,-17.7916,10,4,126km W of Hofn - Iceland
908,2014-09-06T05:40:51.010Z,64.7001,-17.4281,5,4.8,113km SSE of Akureyri - Iceland
909,2014-09-05T23:45:49.620Z,64.6047,-17.7724,8.19,4.4,121km S of Akureyri - Iceland
910,2014-09-05T01:19:38.760Z,64.6788,-17.2428,10,5.3,108km WNW of Hofn - Iceland
911,2014-09-04T23:34:13.810Z,64.3405,-17.8353,8.58,4.2,118km NNE of Vik - Iceland
912,2014-09-04T23:33:25.870Z,64.5433,-17.5292,7.22,4.3,116km WNW of Hofn - Iceland
913,2014-09-04T21:00:04.300Z,36.21,30.82,46,5.3,41km SE of Tekirova - Turkey
914,2014-09-04T17:43:40.100Z,40.1042,24.8807,12.33,4.9,29km NNW of Myrina - Greece
915,2014-09-04T09:04:12.720Z,34.702,24.1318,32.21,4.4,67km SW of Ayia Galini - Greece
916,2014-09-04T07:02:03.770Z,67.309,-19.0591,10,4.3,129km N of Siglufjordur - Iceland
917,2014-09-04T03:53:01.280Z,41.6437,32.5123,4.5,4.5,12km WNW of Ulus - Turkey
918,2014-09-04T03:44:49.310Z,64.5509,-17.7607,7.3,4.3,127km S of Akureyri - Iceland
919,2014-09-03T03:09:55.710Z,64.7055,-17.4648,5,5.4,112km SSE of Akureyri - Iceland
920,2014-09-03T00:58:48.800Z,38.345,21.908,1.4,4,8km SE of Nafpaktos - Greece
921,2014-09-02T22:53:39.430Z,64.6507,-17.6617,10,4.6,116km S of Akureyri - Iceland
922,2014-09-02T13:55:04.240Z,64.5586,-17.371,8.05,4.5,109km WNW of Hofn - Iceland
923,2014-09-02T11:26:53.220Z,64.6642,-17.4652,10,4.5,117km SSE of Akureyri - Iceland
924,2014-09-01T11:41:09.540Z,64.681,-17.495,0,5.5,115km SSE of Akureyri - Iceland
925,2014-09-01T08:58:14.150Z,64.6045,-17.598,9.51,4.9,121km WNW of Hofn - Iceland
926,2014-09-01T04:59:23.970Z,64.5122,-17.7682,7.13,4.3,126km WNW of Hofn - Iceland
927,2014-08-31T16:12:34.900Z,64.6491,-17.5222,8.19,4.7,118km SSE of Akureyri - Iceland
928,2014-08-31T12:01:48.010Z,64.6449,-17.4576,11.09,5.1,116km WNW of Hofn - Iceland
929,2014-08-31T00:54:51.360Z,71.6016,-3.0842,10,4.3,215km ENE of Olonkinbyen - Svalbard and Jan Mayen
930,2014-08-31T00:13:49.740Z,71.5545,-2.7167,10,4.1,226km ENE of Olonkinbyen - Svalbard and Jan Mayen
931,2014-08-31T00:10:16.610Z,71.5452,-2.9599,10,4.2,218km ENE of Olonkinbyen - Svalbard and Jan Mayen
932,2014-08-30T07:03:04.140Z,64.5926,-17.4932,6,5.4,116km WNW of Hofn - Iceland
933,2014-08-30T02:35:37.090Z,64.5495,-17.9145,10,4.2,126km S of Akureyri - Iceland
934,2014-08-29T12:21:49.330Z,64.7226,-17.3446,10,5.4,112km SSE of Akureyri - Iceland
935,2014-08-29T11:15:01.440Z,64.5639,-17.7685,8,4.3,125km S of Akureyri - Iceland
936,2014-08-29T03:48:39.800Z,36.75,23.72,38,4.8,61km E of Gefyra - Greece
937,2014-08-29T03:45:07.500Z,36.685,23.706,80,5.8,59km E of Gefyra - Greece
938,2014-08-28T17:49:19.870Z,45.671,10.7,2.6,4.1,3km ESE of Gargnano - Italy
939,2014-08-28T08:13:42.220Z,64.6928,-17.3877,4,5.4,115km SSE of Akureyri - Iceland
940,2014-08-28T08:11:51.920Z,64.5699,-17.8074,7.2,4.2,124km S of Akureyri - Iceland
941,2014-08-28T01:30:53.400Z,64.5188,-17.756,7.06,4,126km WNW of Hofn - Iceland
942,2014-08-27T23:53:46.320Z,64.6101,-17.6711,7.18,4.5,121km S of Akureyri - Iceland
943,2014-08-27T02:50:36.410Z,64.446,-17.648,9,5.3,119km WNW of Hofn - Iceland
944,2014-08-27T01:52:03.420Z,65.0052,-16.9166,7.9,4.5,93km SE of Akureyri - Iceland
945,2014-08-27T00:16:29.190Z,64.5336,-17.7281,3.7,5.3,125km WNW of Hofn - Iceland
946,2014-08-26T11:56:46.870Z,64.6564,-17.149,10,4.2,103km WNW of Hofn - Iceland
947,2014-08-26T01:26:08.320Z,64.6384,-17.5183,10,5.3,119km SSE of Akureyri - Iceland
948,2014-08-25T22:21:31.600Z,64.593,-17.4885,8.65,4.2,116km WNW of Hofn - Iceland
949,2014-08-25T16:19:04.370Z,64.4529,-17.7765,9.24,5,126km WNW of Hofn - Iceland
950,2014-08-24T20:39:13.580Z,64.5645,-17.457,7.68,5.3,113km WNW of Hofn - Iceland
951,2014-08-24T19:43:30.750Z,37.683,30.6288,7.4,5.1,9km ENE of Aglasun - Turkey
952,2014-08-24T15:00:13.630Z,64.5267,-17.41,12.03,4.8,110km WNW of Hofn - Iceland
953,2014-08-24T07:12:49.030Z,45.6092,26.3172,147.9,4.3,16km NNW of Gura Teghii - Romania
954,2014-08-24T05:33:44.950Z,64.5178,-17.5417,10,4.9,116km WNW of Hofn - Iceland
955,2014-08-24T00:09:53.910Z,64.6693,-17.4474,6.2,5.3,116km SSE of Akureyri - Iceland
956,2014-08-23T18:33:07.070Z,64.7515,-17.3761,7.88,4.7,109km SSE of Akureyri - Iceland
957,2014-08-23T14:04:24.000Z,64.665,-17.505,8,4.3,116km SSE of Akureyri - Iceland
958,2014-08-22T17:46:28.310Z,35.4228,27.7692,5.15,4.3,51km E of Karpathos - Greece
959,2014-08-22T15:41:08.830Z,64.5081,-17.7576,7.29,4.3,126km WNW of Hofn - Iceland
960,2014-08-22T04:27:54.000Z,39.935,23.431,13.5,5.2,12km SW of Polikhronon - Greece
961,2014-08-22T04:22:30.900Z,39.939,23.444,17.4,4.2,11km SW of Polikhronon - Greece
962,2014-08-22T00:22:46.420Z,35.7201,0.1522,15.6,4.1,24km SSE of Mostaganem - Algeria
963,2014-08-21T23:50:22.650Z,64.5099,-17.6125,6.84,4.8,119km WNW of Hofn - Iceland
964,2014-08-21T20:37:58.790Z,64.2029,-18.3494,10,4.4,93km NNE of Vik - Iceland
965,2014-08-21T20:37:18.500Z,35.6447,27.6893,0.9,4.4,45km ENE of Karpathos - Greece
966,2014-08-19T13:38:23.040Z,36.9303,-5.5607,11.33,4.6,1km WNW of Puerto Serrano - Spain
967,2014-08-16T04:04:51.180Z,64.2674,-17.853,10,4,110km NNE of Vik - Iceland
968,2014-08-15T04:00:18.500Z,37.02,27.41,10,4.3,2km SW of Bodrum - Turkey
969,2014-08-14T12:27:59.480Z,35.7884,28.2775,10,4.1,41km SE of Lardos - Greece
970,2014-08-13T14:17:39.490Z,34.5177,28.3112,34.14,4.6,148km SE of Karpathos - Greece
971,2014-08-13T09:42:55.100Z,36.9427,27.6773,1,4.4,22km N of Datca - Turkey
972,2014-08-12T15:05:47.020Z,34.357,22.1229,30.27,4.2,172km SW of Palaiochora - Greece
973,2014-08-11T18:48:15.000Z,36.1602,23.318,57.6,4.6,63km SSE of Gefyra - Greece
974,2014-08-08T08:20:46.400Z,34.7347,24.8939,16.52,4.8,35km S of Moirai - Greece
975,2014-08-04T05:54:01.310Z,38.712,15.692,171,4.3,18km WNW of Tropea - Italy
976,2014-08-03T22:22:45.390Z,40.6243,29.2073,10.04,4,1km WNW of Kadikoy - Turkey
977,2014-08-01T04:11:16.520Z,36.8561,3.181,10,5.5,11km N of Bordj el Kiffan - Algeria
978,2014-07-31T17:14:23.840Z,34.999,-2.9655,7.5,4.1,8km SSW of Selouane - Morocco
979,2014-07-28T14:00:06.490Z,39.3612,15.1887,272.61,4.3,64km WSW of Belvedere Marittimo - Italy
980,2014-07-22T08:04:17.530Z,34.1625,26.2431,25.62,4.8,100km SSE of Makry Gialos - Greece
981,2014-07-20T14:07:50.270Z,41.7853,35.9395,15,4.1,24km N of Bafra - Turkey
982,2014-07-20T08:15:04.170Z,37.8154,24.0148,184.33,4.2,3km ENE of Keratea - Greece
983,2014-07-19T01:22:00.240Z,34.1466,24.25,10,4,112km SSW of Tympakion - Greece
984,2014-07-18T03:58:58.770Z,38.2998,26.628,10.5,4.2,12km WSW of Urla - Turkey
985,2014-07-16T11:59:28.790Z,40.2592,26.2392,14,4,13km NW of Eceabat - Turkey
986,2014-07-15T12:25:52.330Z,39.174,29.09,5,4.1,13km NE of Simav - Turkey
987,2014-07-14T03:09:25.500Z,44.4833,6.6833,2,4.1,8km NNW of Jausiers - France
988,2014-07-13T11:18:07.840Z,40.8767,21.2405,20.4,4.1,13km ESE of Krani - Macedonia
989,2014-07-12T20:18:13.030Z,71.6942,-1.135,10,4.5,284km ENE of Olonkinbyen - Svalbard and Jan Mayen
990,2014-07-12T19:48:51.470Z,71.6786,-1.6216,10,4.5,267km ENE of Olonkinbyen - Svalbard and Jan Mayen
991,2014-07-11T12:09:56.090Z,71.5486,-2.9424,10,4.2,218km ENE of Olonkinbyen - Svalbard and Jan Mayen
992,2014-07-11T10:47:01.310Z,38.446,23.705,24.9,4,1km ESE of Afration - Greece
993,2014-07-11T09:46:04.980Z,38.446,23.708,25.8,4.6,2km ESE of Afration - Greece
994,2014-07-10T18:31:31.160Z,36.4553,27.0867,17.4,4.1,34km SSE of Kefalos - Greece
995,2014-07-10T07:58:06.160Z,36.083,30.215,5,4.3,24km SSE of Finike - Turkey
996,2014-07-09T23:45:02.120Z,40.4308,26.2658,14.9,4.4,28km NNW of Eceabat - Turkey
997,2014-07-09T18:36:23.080Z,36.8882,-3.9222,62.2,4.2,8km SSW of Arenas del Rey - Spain
998,2014-07-08T14:05:33.240Z,35.8663,23.6804,35.57,4.2,36km NNW of Kolimvarion - Greece
999,2014-07-06T17:01:29.470Z,34.1353,26.0707,32.6,4.4,100km S of Makry Gialos - Greece